work_year,experience_level,employment_type,job_title,salary_in_usd,company_location,company_size
0,0,0,0,0.85847,1,0
0,1,1,1,0.3,2,1
0,1,1,1,0.255,2,1
0,0,0,2,1.75,3,2
0,0,0,2,1.2,3,2
0,0,0,3,2.222,2,0
0,0,0,3,1.36,2,0
0,0,0,2,2.19,3,2
0,0,0,2,1.41,3,2
0,0,0,2,1.471,2,2
0,0,0,2,0.907,2,2
0,0,0,4,1.3,2,2
0,0,0,4,1.0,2,2
0,2,0,3,2.1366,2,0
0,2,0,3,1.3076,2,0
0,0,0,5,1.471,2,2
0,0,0,5,0.907,2,2
0,0,0,2,1.7,2,2
0,0,0,2,1.5,2,2
0,1,0,4,1.5,2,2
0,1,0,4,1.1,2,2
0,0,0,6,2.75,4,2
0,0,0,6,1.74,4,2
0,0,0,7,2.3,5,2
0,0,0,7,1.432,5,2
0,0,0,8,2.25,2,2
0,0,0,8,1.564,2,2
0,0,0,9,2.0,2,2
0,0,0,9,1.3,2,2
0,0,0,10,0.9,3,2
0,0,0,10,0.72,3,2
0,0,0,11,2.532,2,2
0,0,0,11,0.907,2,2
0,0,0,12,3.4281,2,2
0,0,0,12,1.8459,2,2
0,1,0,11,1.625,2,2
0,1,0,11,1.3,2,2
0,1,0,4,1.0538,2,2
0,1,0,4,0.645,2,2
0,2,0,13,1.0,6,0
0,2,0,14,0.3,6,0
1,1,0,9,0.20984,7,0
0,2,0,3,2.0462,2,0
0,2,0,3,1.1068,2,0
0,0,0,11,2.70703,2,2
0,0,0,11,2.21484,2,2
0,0,0,2,2.1275,2,2
0,0,0,2,1.85,2,2
0,0,0,2,2.62,2,2
0,0,0,2,2.45,2,2
0,0,0,2,2.753,2,2
0,0,0,2,1.835,2,2
0,0,0,2,2.185,2,2
0,0,0,2,1.99098,2,2
0,0,0,11,2.033,2,2
0,0,0,11,1.236,2,2
0,0,0,6,1.8911,2,2
0,0,0,6,1.39,2,2
0,3,0,2,2.5875,2,2
0,3,0,2,1.85,2,2
0,0,0,11,2.315,2,2
0,0,0,11,1.66,2,2
0,0,0,2,1.725,2,2
0,0,0,2,1.105,2,2
0,0,0,11,2.38,2,2
0,0,0,11,1.76,2,2
0,0,0,11,2.37,2,2
0,0,0,11,2.0145,2,2
0,0,0,3,3.094,2,0
0,0,0,3,1.591,2,0
0,0,0,11,1.15,2,2
0,0,0,11,0.815,2,2
0,0,0,2,2.37,2,2
0,0,0,2,2.0145,2,2
0,0,0,12,2.8,2,2
0,0,0,12,2.1,2,2
0,0,0,15,2.801,2,2
0,0,0,15,1.681,2,2
0,0,0,11,1.935,2,2
0,0,0,11,1.39,2,2
0,1,0,2,0.65062,8,0
0,0,0,9,1.5,2,2
0,1,0,16,0.69751,4,1
1,2,0,17,3.0,7,0
0,1,0,9,0.96578,9,0
0,0,0,8,1.859,2,2
0,0,0,8,1.293,2,2
0,0,0,11,2.25,2,2
0,0,0,11,1.75,2,2
0,0,0,11,1.85,2,2
0,0,0,11,1.4,2,2
0,0,0,2,0.48289,1,2
0,0,0,2,0.38631,1,2
0,0,0,2,1.05,2,2
0,0,0,2,0.7,2,2
0,2,0,9,1.63196,2,2
0,2,0,9,1.45885,2,2
0,0,0,11,2.17,2,2
0,0,0,11,1.85,2,2
0,0,0,4,2.028,2,0
0,0,0,4,1.043,2,0
0,0,0,4,1.45,2,2
0,0,0,4,0.65,2,2
0,0,0,11,1.65,2,2
0,0,0,11,1.323,2,2
0,0,0,11,1.7917,2,2
0,0,0,11,0.943,2,2
0,0,0,7,1.525,2,2
0,0,0,7,1.1645,2,2
0,0,0,11,2.473,2,2
0,0,0,11,1.338,2,2
0,0,0,6,2.03,2,2
0,0,0,6,1.33,2,2
0,2,0,18,2.2,2,0
1,2,0,9,0.56536,10,1
0,0,0,2,1.5,2,2
0,0,0,2,1.2,2,2
0,0,0,7,2.898,2,2
0,0,0,7,2.14,2,2
0,0,0,7,1.7982,2,2
0,0,0,7,1.4386,2,2
0,0,0,9,2.832,2,2
0,0,0,9,1.888,2,2
0,0,0,7,2.898,2,2
0,0,0,7,2.142,2,2
0,0,0,11,1.859,2,2
0,0,0,11,1.293,2,2
0,0,0,11,2.52,2,2
0,0,0,11,1.29,2,2
0,1,0,19,1.55,2,2
0,1,0,19,1.4,2,2
0,0,0,11,1.618,2,2
0,0,0,11,1.416,2,2
0,0,0,9,3.423,2,0
0,0,0,9,1.761,2,0
0,1,0,11,1.0,2,2
0,1,0,11,0.7,2,2
0,2,0,11,0.85,2,2
0,2,0,11,0.65,2,2
0,0,0,2,1.38784,2,2
0,0,0,2,0.8327,2,2
0,2,0,4,0.75,2,2
0,2,0,4,0.7,2,2
0,0,0,4,2.045,2,2
0,0,0,4,1.389,2,2
0,0,0,9,3.183,2,2
0,0,0,9,2.122,2,2
0,0,0,11,0.95,2,2
0,0,0,11,0.75,2,2
0,0,0,2,1.95,2,2
0,0,0,2,1.6,2,2
0,0,0,7,2.3,2,2
0,0,0,7,1.432,2,2
0,1,0,11,1.0,2,2
0,1,0,11,0.7,2,2
0,1,0,20,1.05,2,0
0,1,0,21,0.2067,7,0
0,1,0,4,0.46178,5,2
0,1,0,4,0.42533,5,2
0,0,0,11,1.45,2,2
0,0,0,11,1.15,2,2
0,0,0,4,1.684,2,2
0,0,0,4,1.052,2,2
0,0,0,3,3.094,2,0
0,0,0,3,1.591,2,0
0,0,0,9,1.9,2,2
0,0,0,9,1.5,2,2
0,1,0,11,1.625,2,2
0,1,0,11,1.3,2,2
0,0,0,7,1.5,2,2
0,0,0,7,1.2,2,2
0,0,0,11,1.45,2,2
0,0,0,11,1.2,2,2
0,0,0,3,2.222,2,0
0,0,0,3,1.36,2,0
0,0,0,4,0.54685,11,2
0,0,0,4,0.42533,11,2
0,0,0,11,2.41,2,2
0,0,0,11,1.55,2,2
0,0,0,11,2.2,2,2
0,0,0,11,1.9,2,2
0,1,0,2,0.66837,5,2
0,1,0,2,0.54685,5,2
2,3,0,22,0.15,3,2
0,1,0,23,0.85066,5,2
0,1,0,23,0.57723,5,2
0,2,0,4,0.85,2,2
0,2,0,4,0.75,2,2
0,0,0,11,1.6,2,2
0,0,0,11,1.4,2,2
0,1,0,9,3.0,2,2
0,1,0,9,2.5,2,2
0,0,0,2,2.28,2,2
0,0,0,2,1.86,2,2
0,0,0,2,1.9,2,2
0,0,0,2,1.7,2,2
0,1,0,6,2.3,2,2
0,1,0,6,2.0,2,2
0,0,0,15,1.8,2,2
0,0,0,15,1.15,2,2
0,0,0,15,2.0,2,2
0,0,0,15,1.15,2,2
0,0,0,24,0.53654,12,1
0,3,0,11,2.2,2,2
0,3,0,11,2.05,2,2
0,1,0,11,1.8,2,2
0,1,0,11,1.3,2,2
0,0,0,11,2.0,2,2
0,0,0,11,1.5,2,2
0,0,0,12,2.15,2,2
0,0,0,12,1.7,2,2
0,0,0,9,2.475,2,2
0,0,0,9,1.722,2,2
0,0,0,2,2.24,3,2
0,0,0,2,1.76,3,2
0,0,0,4,1.2,2,2
0,0,0,4,0.75,2,2
0,2,0,11,0.17022,7,0
0,0,0,21,0.68318,13,2
0,1,0,17,0.7502,13,2
0,0,0,4,1.4,2,2
0,0,0,4,1.2,2,2
0,0,0,11,1.28,2,2
0,0,0,11,0.815,2,2
0,0,0,11,1.45,2,2
0,0,0,11,1.15,2,2
0,0,0,11,1.85,2,2
0,0,0,11,1.4,2,2
0,3,0,25,3.295,2,2
0,3,0,25,2.696,2,2
0,0,0,13,1.0,2,2
0,0,0,13,0.8,2,2
0,0,0,2,2.5,2,2
0,0,0,2,1.625,2,2
0,1,0,17,2.0,2,2
0,0,0,11,1.45,2,2
0,0,0,11,1.0,2,2
0,3,0,11,1.45,2,2
0,3,0,11,1.15,2,2
0,0,0,2,2.035,2,2
0,0,0,2,1.52,2,2
0,0,0,2,2.39,2,0
0,0,0,2,1.229,2,0
0,0,0,2,2.37,2,2
0,0,0,2,1.45,2,2
0,0,0,26,1.91765,2,2
0,0,0,26,1.34236,2,2
0,0,0,7,1.9,2,2
0,0,0,7,1.12,2,2
1,0,0,2,0.88256,5,0
0,2,0,11,0.85,2,2
0,2,0,11,0.65,2,2
0,0,0,4,1.35,2,2
0,0,0,4,1.055,2,2
0,0,0,6,2.93,2,2
0,0,0,6,1.85,2,2
0,0,0,4,0.8,2,2
0,0,0,4,0.7,2,2
0,0,0,11,2.2,2,2
0,0,0,11,1.6,2,2
0,0,0,2,1.75,2,2
0,0,0,2,1.45,2,2
0,0,0,4,2.0,2,2
0,0,0,4,1.485,2,2
0,0,0,2,0.48289,1,2
0,0,0,2,0.38631,1,2
0,0,0,11,2.405,2,0
0,0,0,11,1.237,2,0
0,0,0,7,1.529,2,2
0,0,0,7,1.171,2,2
0,0,0,7,1.73,2,2
0,0,0,7,1.13,2,2
0,0,0,3,2.6,2,0
0,0,0,3,1.36,2,0
0,3,0,11,1.75,2,2
0,3,0,11,1.1,2,2
0,0,0,3,2.6,2,0
0,0,0,3,1.36,2,0
0,0,0,18,1.3,2,2
0,0,0,18,1.1,2,2
0,0,0,3,2.05,2,2
0,0,0,3,1.84,2,2
0,0,0,4,1.495,2,2
0,0,0,4,1.27075,2,2
0,0,0,2,1.95,2,2
0,0,0,2,1.6,2,2
0,0,0,11,2.19535,2,2
0,0,0,11,1.46115,2,2
0,0,0,2,1.7,2,2
0,0,0,2,1.35,2,2
0,0,0,2,1.75,2,2
0,0,0,2,1.45,2,2
0,0,0,2,1.99,2,2
0,0,0,2,1.62,2,2
0,0,0,3,2.222,2,0
0,0,0,3,1.36,2,0
0,3,0,7,2.21,2,2
0,3,0,7,1.53,2,2
0,0,0,4,1.87,2,2
0,0,0,4,1.28,2,2
0,0,0,18,2.1,2,2
0,0,0,18,1.36,2,2
0,0,0,2,1.75,2,2
0,0,0,2,1.0,2,2
0,0,0,11,1.79,2,2
0,0,0,11,1.09,2,2
0,0,0,2,2.45,2,2
0,0,0,2,1.8,2,2
0,0,0,4,1.42,2,2
0,0,0,4,0.75,2,2
0,0,0,27,1.988,2,2
0,0,0,27,1.052,2,2
0,0,0,4,1.25,2,2
0,0,0,4,1.12,2,2
0,0,0,2,2.1,2,2
0,0,0,2,1.55,2,2
0,0,0,27,1.15,2,2
0,0,0,27,0.86,2,2
0,0,0,2,1.65,2,2
0,0,0,2,1.4,2,2
0,0,0,4,1.39,2,2
0,0,0,4,1.06,2,2
0,2,0,4,0.40663,3,0
1,0,0,17,2.75,3,1
0,0,2,28,0.5,14,1
0,1,0,9,2.807,2,2
0,1,0,9,1.5045,2,2
0,2,0,2,0.51753,3,0
0,0,0,15,2.505,2,2
0,0,0,15,1.595,2,2
0,0,0,11,1.45,2,2
0,0,0,11,1.15,2,2
0,0,0,4,1.4,2,2
0,0,0,4,1.2,2,2
0,2,0,2,1.30001,2,2
0,2,0,2,0.71907,2,2
0,1,0,2,0.93918,2,2
0,1,0,2,0.51962,2,2
0,0,0,4,1.75,3,2
0,0,0,4,1.35,3,2
0,2,0,11,0.85,2,2
0,2,0,11,0.65,2,2
0,0,0,9,2.57,2,2
0,0,0,9,1.47,2,2
0,0,0,11,2.22,2,2
0,0,0,11,1.75,2,2
0,0,0,2,2.03,2,2
0,0,0,2,1.332,2,2
0,2,0,3,2.1366,2,0
0,2,0,3,1.3076,2,0
0,0,0,11,2.21,2,2
0,0,0,11,1.47,2,2
0,0,0,13,1.0,2,2
0,0,0,13,0.8,2,2
0,0,0,2,1.859,2,2
0,0,0,2,1.293,2,2
0,0,0,2,2.38,2,2
0,0,0,2,1.56,2,2
0,0,0,9,3.04,2,2
0,0,0,9,1.99,2,2
0,1,0,29,0.48289,1,2
0,0,0,11,1.5,2,2
0,0,0,11,1.3,2,2
0,0,0,2,1.4,2,2
0,0,0,2,1.1,2,2
0,1,0,4,0.9,2,2
0,1,0,4,0.75,2,2
0,1,0,18,1.95895,5,2
0,1,0,18,1.02772,5,2
0,0,0,11,2.4,2,2
0,0,0,11,1.836,2,2
0,1,0,30,1.3,2,2
0,1,0,30,0.8,2,2
0,0,0,11,2.5,2,2
0,0,0,11,1.5,2,2
0,0,0,19,1.6,2,2
0,0,0,19,1.2,2,2
0,0,0,9,2.89076,2,2
0,0,0,9,2.02353,2,2
0,0,0,11,1.45,2,2
0,0,0,11,1.2,2,2
0,0,0,4,1.55,2,2
0,0,0,4,1.06,2,2
0,0,0,11,2.0,2,2
0,0,0,11,1.6,2,2
0,0,0,2,1.5775,2,2
0,0,0,2,1.0465,2,2
0,1,0,2,1.8,2,2
0,1,0,2,1.4,2,2
0,3,0,2,2.0,2,2
0,3,0,2,1.45,2,2
0,1,0,31,0.68,2,0
0,2,0,32,0.6,2,2
0,0,0,2,0.48289,1,2
0,0,0,2,0.38631,1,2
0,2,0,11,0.85,2,2
0,2,0,11,0.65,2,2
0,1,0,11,1.25,2,2
0,1,0,11,0.9,2,2
0,0,0,4,1.05,2,2
0,0,0,4,0.9,2,2
0,0,0,7,1.7982,2,2
0,0,0,7,1.4386,2,2
0,0,0,4,1.35,2,2
0,0,0,4,1.055,2,2
0,2,0,6,1.55,2,2
0,2,0,6,1.25,2,2
0,0,0,9,2.41,2,2
0,0,0,9,1.81,2,2
0,0,0,2,2.52,2,2
0,0,0,2,1.54,2,2
0,3,0,15,1.8,2,2
0,3,0,15,1.55,2,2
0,0,0,2,1.91765,2,2
0,0,0,2,1.34236,2,2
0,0,0,2,1.75,2,2
0,0,0,2,1.45,2,2
0,0,0,2,2.37,2,2
0,0,0,2,1.45,2,2
0,2,0,6,1.55,2,2
0,2,0,6,1.25,2,2
0,0,0,4,0.8,2,2
0,0,0,4,0.7,2,2
0,0,0,11,1.46,2,2
0,0,0,11,0.75,2,2
0,2,0,4,0.642,2,2
0,2,0,4,0.561,2,2
0,0,0,9,1.7,2,2
0,0,0,9,1.3,2,2
0,0,0,4,2.0845,2,2
0,0,0,4,1.7055,2,2
0,0,0,9,1.25,2,2
0,0,0,9,1.0,2,2
0,1,0,27,1.35,2,2
0,1,0,27,1.2,2,2
0,0,0,2,2.0,2,2
0,0,0,2,1.7,2,2
0,0,0,2,1.7125,15,2
0,0,0,2,1.1375,15,2
0,0,0,3,2.222,2,0
0,0,0,3,1.36,2,0
0,0,0,3,2.6,2,0
0,0,0,3,1.36,2,0
0,0,0,4,1.536,2,2
0,0,0,4,1.005,2,2
0,0,0,3,2.05,2,2
0,0,0,3,1.84,2,2
0,0,0,9,1.15,3,2
0,0,0,9,0.95,3,2
0,1,0,4,1.825,2,2
0,1,0,4,1.215,2,2
0,0,0,11,2.031,2,2
0,0,0,11,1.145,2,2
0,1,0,4,0.72914,5,2
0,1,0,4,0.54685,5,2
0,0,0,11,2.52,2,2
0,0,0,11,1.29,2,2
0,2,0,11,0.927,2,2
0,2,0,11,0.618,2,2
0,0,0,11,1.6,2,2
0,0,0,11,1.3,2,2
0,0,0,2,2.58,3,2
0,0,0,2,1.9,3,2
0,0,0,2,1.7,2,2
0,0,0,2,1.35,2,2
0,1,0,15,1.675,2,2
0,1,0,15,1.065,2,2
0,0,0,2,1.95,2,2
0,0,0,2,1.6,2,2
0,1,0,11,1.46,2,2
0,1,0,11,0.75,2,2
1,2,0,11,0.59888,9,0
0,3,0,11,2.86,2,2
0,3,0,11,2.07,2,2
0,0,0,4,1.0,2,2
0,0,0,4,0.8,2,2
0,0,0,11,2.2325,2,2
0,0,0,11,1.786,2,2
0,3,0,33,3.532,2,2
0,3,0,33,2.493,2,2
0,1,0,34,2.3,2,2
0,1,0,34,2.2,2,2
0,0,0,2,2.973,2,2
0,0,0,2,1.982,2,2
0,1,0,18,2.1,2,2
0,1,0,18,1.518,2,2
0,0,0,2,2.0,2,2
0,0,0,2,1.7,2,2
0,0,0,2,3.1707,2,2
0,0,0,2,1.7073,2,2
0,0,0,11,1.28,2,2
0,0,0,11,0.815,2,2
0,2,0,20,0.21461,1,2
0,0,0,17,1.08,14,2
0,0,0,17,0.6,14,2
0,1,0,35,1.34,2,2
0,1,0,35,1.24,2,2
0,0,0,11,1.7125,2,2
0,0,0,11,1.1375,2,2
0,0,0,11,1.65,2,2
0,0,0,11,1.323,2,2
0,0,0,2,2.25,2,2
0,0,0,2,1.75,2,2
0,0,0,11,2.3,2,2
0,0,0,11,1.245,2,2
0,0,0,9,2.475,2,2
0,0,0,9,1.722,2,2
0,0,0,4,1.75,2,2
0,0,0,4,1.45,2,2
0,0,0,4,1.487,2,2
0,0,0,4,1.256,2,2
0,0,0,11,1.45,2,2
0,0,0,11,1.15,2,2
0,0,0,18,2.0,2,2
0,0,0,18,1.5,2,2
0,2,0,6,1.6,2,2
0,2,0,6,1.2,2,2
0,0,0,4,1.85,2,2
0,0,0,4,1.2025,2,2
0,0,0,2,2.753,2,2
0,0,0,2,1.83,2,2
0,0,0,15,1.7,2,2
0,0,0,15,1.25,2,2
0,1,0,15,1.675,2,2
0,1,0,15,1.065,2,2
0,0,0,18,2.5,2,2
0,0,0,18,2.0,2,2
0,1,0,9,1.35,2,0
0,0,0,36,4.23834,16,0
0,0,0,9,2.16,2,2
0,0,0,9,1.84,2,2
0,0,0,11,1.8,2,2
0,0,0,11,1.65,2,2
0,0,0,2,1.859,2,2
0,0,0,2,1.293,2,2
0,0,0,11,1.45,2,2
0,0,0,11,1.2,2,2
0,1,0,11,1.43865,2,2
0,1,0,11,1.15092,2,2
0,1,0,9,1.3,2,2
0,1,0,9,0.9,2,2
0,0,0,2,1.73,2,2
0,0,0,2,1.32,2,2
0,0,0,4,2.08049,2,2
0,0,0,4,1.285,2,2
0,0,0,7,1.7982,2,2
0,0,0,7,1.4386,2,2
0,0,0,11,1.675,2,2
0,0,0,11,1.065,2,2
0,0,0,2,2.753,2,2
0,0,0,2,1.835,2,2
0,1,0,11,1.496,2,2
0,1,0,11,1.02,2,2
0,3,0,2,1.45,2,2
0,3,0,2,1.0,2,2
0,0,0,4,1.9,2,2
0,0,0,4,0.95,2,2
0,0,0,4,1.536,2,2
0,0,0,4,1.068,2,2
0,1,0,2,0.96578,15,2
0,1,0,2,0.80481,15,2
0,1,0,4,1.28,2,2
0,1,0,4,0.85,2,2
0,1,0,11,1.51,2,2
0,1,0,11,1.4,2,2
0,0,0,2,2.753,2,2
0,0,0,2,1.835,2,2
0,0,0,34,2.2,2,2
0,0,0,34,1.7,2,2
0,0,0,4,1.35,2,2
0,0,0,4,1.055,2,2
0,0,0,4,1.0,2,2
0,0,0,4,0.8,2,2
0,2,0,37,0.07,17,1
0,2,0,38,0.42923,4,2
0,0,0,11,1.6,3,2
0,0,0,11,1.45,3,2
0,1,0,4,1.54,2,2
0,1,0,4,1.43,2,2
0,1,0,2,0.7899,5,2
0,1,0,2,0.51039,5,2
0,2,0,2,1.9,2,2
0,2,0,2,1.2,2,2
0,1,0,2,0.85066,5,2
0,1,0,2,0.51039,5,2
0,1,0,2,1.09371,5,2
0,1,0,2,0.72914,5,2
0,0,0,11,1.5,2,2
0,0,0,11,1.11,2,2
0,3,0,11,2.65,2,2
0,3,0,11,2.35,2,2
0,2,0,2,1.21093,10,0
1,1,0,2,0.73546,4,2
0,0,0,11,1.6,2,2
0,0,0,11,1.3,2,2
0,1,0,11,0.75,2,2
0,1,0,11,0.604,2,2
0,2,0,4,0.85,2,2
0,2,0,4,0.75,2,2
0,0,0,11,2.52,2,2
0,0,0,11,1.29,2,2
0,2,0,11,0.927,2,2
0,2,0,11,0.618,2,2
1,0,0,39,1.72309,15,0
0,1,0,2,0.60093,4,2
0,1,0,4,0.835,2,2
0,1,0,4,0.525,2,2
0,0,0,2,2.01036,2,2
0,0,0,2,1.34024,2,2
0,0,0,4,1.65,2,2
0,0,0,4,1.4,2,2
0,2,0,11,0.62,2,2
0,2,0,11,0.58,2,2
0,0,0,2,1.72,2,2
0,0,0,2,1.15,2,2
0,2,0,11,1.25,2,2
0,2,0,11,0.9,2,2
0,0,0,11,1.638,2,2
0,0,0,11,1.26,2,2
0,0,0,2,2.37,2,2
0,0,0,2,1.45,2,2
0,1,0,11,0.9,2,2
0,1,0,11,0.9,2,2
0,0,0,11,1.395,2,2
0,0,0,11,1.094,2,2
0,0,0,2,2.58,3,2
0,0,0,2,1.9,3,2
0,1,0,11,1.45,2,2
0,1,0,11,1.2,2,2
0,0,0,11,2.056,2,0
0,0,0,11,1.057,2,0
0,0,0,11,2.52,2,2
0,0,0,11,1.29,2,2
0,0,0,2,2.39748,2,2
0,0,0,2,1.59832,2,2
0,0,0,2,1.863,2,2
0,0,0,2,1.025,2,2
0,0,0,11,1.65,2,2
0,0,0,11,1.323,2,2
0,0,0,2,1.9,2,2
0,0,0,2,1.26,2,2
0,0,0,15,1.4904,2,2
0,0,0,15,1.139,2,2
0,0,0,11,1.536,2,2
0,0,0,11,1.068,2,2
0,0,0,11,1.726,2,2
0,0,0,11,1.079,2,2
0,0,0,4,1.8018,2,2
0,0,0,4,1.0602,2,2
0,0,0,15,3.7608,2,2
0,0,0,15,2.1312,2,2
0,0,0,4,1.536,2,2
0,0,0,4,1.005,2,2
0,0,0,4,2.065,2,2
0,0,0,4,1.216,2,2
0,0,0,11,2.6,2,2
0,0,0,11,2.25,2,2
0,3,0,11,1.945,2,2
0,3,0,11,1.155,2,2
0,0,0,40,1.7,2,0
0,0,0,38,0.9,2,0
0,2,0,4,0.95,2,2
0,2,0,4,0.7,2,2
0,0,0,11,2.75,2,2
0,0,0,11,1.6,2,2
0,0,0,4,1.15934,2,2
0,0,0,4,0.81666,2,2
0,0,0,2,1.75,2,2
0,0,0,2,1.2,2,2
0,0,0,9,1.5,2,2
0,0,0,9,1.2,2,2
0,0,0,6,2.0,2,2
0,0,0,6,1.75,2,2
0,1,0,4,2.06,2,2
0,1,0,4,1.3,2,2
0,0,0,15,1.38,5,2
0,0,0,15,0.92,5,2
0,0,0,27,0.65,18,2
0,0,0,27,0.48,18,2
0,0,0,4,1.1,2,2
0,0,0,4,0.75,2,2
0,0,0,7,1.3,2,2
0,0,0,7,0.87,2,2
0,1,0,4,1.6,2,2
0,1,0,4,1.12,2,2
0,1,0,11,1.625,2,2
0,1,0,11,1.3,2,2
0,0,0,26,2.995,2,2
0,0,0,26,2.451,2,2
0,1,0,2,1.45,2,2
0,1,0,2,1.0,2,2
0,0,0,11,1.471,2,2
0,0,0,11,0.907,2,2
0,2,0,11,1.151,2,2
0,2,0,11,0.739,2,2
0,0,0,11,1.684,2,2
0,0,0,11,1.052,2,2
0,0,0,2,2.1,2,2
0,0,0,2,1.6,2,2
0,1,0,2,1.45,2,2
0,1,0,2,1.0,2,2
0,0,0,3,2.222,2,0
0,0,0,3,1.36,2,0
0,1,0,4,1.0,2,2
0,1,0,4,0.85,2,2
0,1,0,11,0.85066,5,2
0,1,0,11,0.57723,5,2
0,3,0,2,2.0,2,2
0,3,0,2,1.45,2,2
0,1,0,11,1.4,2,2
0,1,0,11,0.95,2,2
0,0,0,4,1.85,2,2
0,0,0,4,1.2025,2,2
0,1,0,41,1.3,2,0
0,0,0,2,2.05,2,2
0,0,0,2,1.4,2,2
0,0,0,2,2.973,2,2
0,0,0,2,1.982,2,2
0,0,0,18,1.41288,2,2
0,0,0,18,0.94192,2,2
0,0,0,42,1.84,2,2
0,0,0,42,1.43,2,2
0,0,0,4,0.7,2,2
0,0,0,4,0.55,2,2
0,0,0,7,2.753,2,2
0,0,0,7,1.835,2,2
0,1,0,4,0.75,2,2
0,1,0,4,0.65,2,2
0,1,0,1,1.6,2,2
0,1,0,1,1.47,2,2
0,0,0,15,1.4904,2,2
0,0,0,15,1.139,2,2
0,1,0,43,0.7502,19,0
0,0,0,4,1.8018,2,2
0,0,0,4,1.0602,2,2
0,1,0,2,0.17022,7,0
0,2,0,44,0.7,20,0
0,2,0,17,0.8,21,2
0,1,0,31,0.18238,7,0
0,1,0,9,2.5,2,2
0,1,0,9,1.5,2,2
0,0,0,11,1.395,2,2
0,0,0,11,1.094,2,2
0,0,0,2,1.05,2,2
0,0,0,2,0.7,2,2
0,3,0,11,2.10914,2,2
0,3,0,11,1.16704,2,2
0,2,0,18,1.5,2,2
0,2,0,18,1.0,2,2
0,0,0,11,1.46,2,2
0,0,0,11,0.75,2,2
0,2,0,4,0.75,2,2
0,2,0,4,0.6,2,2
0,1,0,7,1.857,2,2
0,1,0,7,1.65,2,2
0,0,0,11,1.6,2,2
0,0,0,11,1.3,2,2
0,0,0,4,1.69,2,2
0,0,0,4,1.106,2,2
0,0,0,45,1.93,2,2
0,0,0,45,1.3685,2,2
0,0,0,9,1.395,2,2
0,0,0,9,1.094,2,2
0,0,0,11,2.76,2,2
0,0,0,11,1.785,2,2
0,1,0,2,0.5902,1,2
0,1,0,2,0.48289,1,2
0,1,0,11,0.75116,22,2
0,1,0,11,0.48289,22,2
0,0,0,9,1.95652,5,2
0,0,0,9,1.01228,5,2
0,0,0,11,1.36956,5,2
0,0,0,11,1.01228,5,2
0,0,0,11,2.52,2,2
0,0,0,11,1.29,2,2
1,0,0,46,1.3,2,0
3,1,0,47,1.5,2,2
0,0,0,11,1.638,2,2
0,0,0,11,1.26,2,2
0,0,0,1,2.6,3,2
0,0,0,1,1.1,3,2
0,0,0,7,1.7,2,2
0,0,0,7,1.3,2,2
0,0,0,9,2.475,2,2
0,0,0,9,1.722,2,2
0,0,0,2,2.39748,2,2
0,0,0,2,1.59832,2,2
0,0,0,9,1.638,2,2
0,0,0,9,1.26,2,2
0,1,0,2,1.2875,2,2
0,1,0,2,1.0625,2,2
0,0,0,11,2.52,2,2
0,0,0,11,1.29,2,2
0,0,0,26,2.995,2,2
0,0,0,26,2.451,2,2
0,1,0,19,1.55,2,2
0,1,0,19,1.4,2,2
0,3,0,11,1.675,2,2
0,3,0,11,1.065,2,2
0,0,0,15,1.885,2,2
0,0,0,15,1.17,2,2
0,0,0,4,2.5,2,2
0,0,0,4,1.38,2,2
0,1,0,4,1.3,3,2
0,1,0,4,1.0,3,2
0,0,0,48,1.23405,4,0
0,0,0,11,1.4,2,2
0,0,0,11,1.2,2,2
0,0,0,49,1.6,2,2
0,0,0,49,1.35,2,2
0,1,0,26,1.045,2,2
0,1,0,26,0.7,2,2
0,1,0,50,0.9,2,2
0,1,0,50,0.7,2,2
0,0,0,11,1.536,2,2
0,0,0,11,1.068,2,2
0,2,0,11,1.25,2,2
0,2,0,11,0.9,2,2
0,1,0,18,1.85,2,2
0,1,0,18,1.25,2,2
0,0,0,4,1.27,2,2
0,0,0,4,0.94,2,2
0,0,0,2,2.1055,2,2
0,0,0,2,1.533,2,2
0,1,0,2,2.0,2,2
0,1,0,2,1.5,2,2
0,0,0,4,1.615,2,2
0,0,0,4,1.195,2,2
0,0,0,4,1.75,2,2
0,0,0,4,1.45,2,2
0,0,0,2,1.75,2,2
0,0,0,2,1.4875,2,2
0,0,0,51,1.05,2,2
0,0,0,51,0.85,2,2
0,0,0,18,2.15,2,2
0,0,0,18,1.463,2,2
0,2,0,17,2.14618,4,0
0,1,0,11,0.72,23,2
0,1,0,11,0.6,23,2
0,0,0,9,1.534,2,2
0,0,0,9,1.227,2,2
0,1,0,11,2.6,2,2
0,1,0,11,1.75,2,2
0,0,0,2,1.863,2,2
0,0,0,2,1.239,2,2
0,1,0,18,3.4,2,2
0,1,0,18,1.5,2,2
0,0,0,9,1.534,2,2
0,0,0,9,1.227,2,2
0,1,0,11,2.5,2,2
0,1,0,11,1.75,2,2
0,1,0,2,0.64385,12,2
0,0,0,4,1.859,2,2
0,0,0,4,1.217,2,2
0,0,0,4,1.536,2,2
0,0,0,4,1.068,2,2
0,0,2,43,0.5,20,2
0,2,0,4,1.0,2,0
0,0,0,9,2.475,2,2
0,0,0,9,1.722,2,2
0,3,0,11,3.1,2,2
0,3,0,11,2.39,2,2
0,0,0,4,1.25,2,2
0,0,0,4,1.1,2,2
0,2,0,4,1.5,2,2
0,2,0,4,1.0,2,2
0,0,0,2,1.49076,2,2
0,0,0,2,0.82365,2,2
0,1,0,11,1.46,2,2
0,1,0,11,0.75,2,2
0,0,0,9,1.395,2,2
0,0,0,9,1.094,2,2
0,0,0,11,1.395,2,2
0,0,0,11,1.094,2,2
0,1,0,11,1.496,2,2
0,1,0,11,1.02,2,2
0,1,0,4,0.97218,5,2
0,1,0,4,0.48609,5,2
0,0,0,11,2.52,2,2
0,0,0,11,1.29,2,2
0,0,0,4,0.95,2,2
0,0,0,4,0.855,2,2
0,0,0,4,1.859,2,2
0,0,0,4,1.217,2,2
0,2,0,18,1.5,2,2
0,2,0,18,1.0,2,2
0,1,0,11,1.45,2,2
0,1,0,11,1.25,2,2
0,1,0,2,1.5,2,2
0,1,0,2,0.9775,2,2
0,0,0,2,2.01,2,2
0,0,0,2,1.22,2,2
0,0,0,11,2.52,2,2
0,0,0,11,1.29,2,2
0,0,0,4,1.2,2,2
0,0,0,4,0.75,2,2
0,1,0,2,1.1699,2,2
0,1,0,2,0.8292,2,2
0,0,0,2,1.859,2,2
0,0,0,2,1.293,2,2
0,1,0,34,2.0,2,1
0,1,0,34,1.25,2,1
0,0,0,2,2.01,2,2
0,0,0,2,1.22,2,2
0,0,0,9,2.045,2,2
0,0,0,9,1.422,2,2
0,0,0,27,1.55,2,2
0,0,0,27,1.4,2,2
0,1,0,52,2.0592,2,2
0,1,0,52,1.716,2,2
0,0,0,11,1.215,2,2
0,0,0,11,0.78,2,2
0,1,0,11,1.54,2,2
0,1,0,11,1.16,2,2
0,0,0,2,1.9,2,2
0,0,0,2,1.36,2,2
0,1,0,4,0.7899,5,2
0,1,0,4,0.43809,5,2
0,0,0,4,1.8,2,2
0,0,0,4,1.1,2,2
0,0,0,2,2.753,2,2
0,0,0,2,1.83,2,2
0,0,0,11,1.7,2,2
0,0,0,11,1.4,2,2
0,0,0,11,1.54,2,2
0,0,0,11,1.16,2,2
0,0,0,11,1.6,2,2
0,0,0,11,1.3,2,2
0,1,0,11,2.0,2,2
0,1,0,11,1.2,2,2
0,0,0,2,1.75,2,2
0,0,0,2,1.6,2,2
0,1,0,11,1.27599,5,2
0,1,0,11,1.03294,5,2
0,0,0,11,1.536,2,2
0,0,0,11,1.068,2,2
0,2,0,4,0.85,2,2
0,2,0,4,0.75,2,2
0,0,0,2,2.25,2,2
0,0,0,2,1.564,2,2
0,0,0,7,1.5,2,2
0,0,0,7,1.2,2,2
0,0,0,9,1.638,2,2
0,0,0,9,1.26,2,2
0,0,0,4,1.45,2,2
0,0,0,4,0.9,2,2
0,0,0,9,2.045,2,2
0,0,0,9,1.422,2,2
0,0,0,4,0.95,2,2
0,0,0,4,0.855,2,2
0,0,0,11,1.675,2,2
0,0,0,11,1.065,2,2
0,0,0,11,1.638,2,2
0,0,0,11,1.26,2,2
0,1,0,19,1.55,2,2
0,1,0,19,1.4,2,2
0,0,0,18,2.5,2,2
0,0,0,18,2.0,2,2
0,0,0,2,2.6,2,2
0,0,0,2,1.86,2,2
0,0,0,11,1.6,2,2
0,0,0,11,1.3,2,2
0,0,0,18,2.0,2,2
0,0,0,18,1.5,2,2
0,0,0,2,0.48289,1,2
0,0,0,2,0.38631,1,2
0,0,0,2,1.5,2,2
0,0,0,2,1.2,2,2
0,2,0,4,0.3,7,2
0,1,0,18,1.85,2,2
0,1,0,18,1.25,2,2
1,2,3,4,0.3432,2,1
1,1,0,20,0.09289,24,2
0,0,0,25,0.75116,25,0
1,3,0,26,1.06,26,0
0,0,0,4,1.75,2,2
0,0,0,4,1.3,2,2
0,0,0,4,1.22,2,2
0,0,0,4,0.938,2,2
0,0,0,26,1.5,23,2
0,0,0,26,0.9,23,2
0,0,0,4,1.65,2,2
0,0,0,4,1.12,2,2
0,2,0,12,2.2,2,2
0,0,0,53,0.71897,4,2
0,2,0,17,0.64385,4,2
0,0,0,9,2.045,2,2
0,0,0,9,1.422,2,2
0,0,0,4,0.15806,7,1
0,1,0,9,2.0,2,2
0,1,0,9,1.75,2,2
0,0,0,11,1.859,2,2
0,0,0,11,1.293,2,2
0,0,0,4,1.859,2,2
0,0,0,4,1.217,2,2
0,0,0,9,2.045,2,2
0,0,0,9,1.422,2,2
0,1,0,2,0.4,12,0
0,0,0,50,0.29453,27,2
0,0,0,4,1.8018,2,2
0,0,0,4,1.0602,2,2
0,0,0,2,1.36,2,2
0,0,0,2,1.04,2,2
0,0,0,4,1.25,2,2
0,0,0,4,1.1,2,2
0,0,0,9,1.534,2,2
0,0,0,9,1.227,2,2
0,3,0,11,3.1,2,2
0,3,0,11,2.39,2,2
0,0,0,4,1.5238,2,2
0,0,0,4,1.21904,2,2
0,0,0,2,1.859,2,2
0,0,0,2,1.293,2,2
0,0,0,9,2.475,2,2
0,0,0,9,1.722,2,2
0,0,0,15,1.684,2,2
0,0,0,15,1.052,2,2
0,0,0,9,1.2828,2,2
0,0,0,9,1.069,2,2
1,0,0,39,1.92,2,0
0,1,0,11,1.4,2,2
0,1,0,11,1.0,2,2
0,0,0,6,1.07309,4,1
0,0,0,6,0.85847,4,1
0,0,0,9,2.75,4,2
0,0,0,9,1.74,4,2
0,0,0,11,1.395,2,2
0,0,0,11,1.094,2,2
0,0,0,9,1.395,2,2
0,0,0,9,1.094,2,2
0,0,0,4,1.705,2,2
0,0,0,4,0.85,2,2
0,0,0,27,0.72946,5,2
0,0,0,27,0.54365,5,2
0,3,0,54,1.60288,5,2
0,3,0,54,1.27467,5,2
0,0,0,11,0.8,2,2
0,0,0,11,0.65,2,2
0,0,0,11,1.2474,2,2
0,0,0,11,0.65488,2,2
0,0,0,13,0.722,2,2
0,0,0,13,0.6498,2,2
0,0,0,11,1.536,2,2
0,0,0,11,1.068,2,2
0,0,0,4,1.79975,2,2
0,0,0,4,0.86466,2,2
0,0,0,11,1.2,2,2
0,0,0,11,0.9,2,2
0,1,0,55,0.51039,5,2
0,1,0,55,0.42533,5,2
0,0,0,2,1.49076,2,2
0,0,0,2,0.82365,2,2
0,0,0,4,1.69,2,2
0,0,0,4,1.106,2,2
0,0,0,26,1.75,2,2
0,0,0,26,1.2,2,2
0,0,0,4,2.3,2,2
0,0,0,4,1.8,2,2
0,0,0,4,1.536,2,2
0,0,0,4,1.068,2,2
0,0,0,27,1.4,2,2
0,0,0,27,1.2,2,2
0,0,0,52,2.0592,2,2
0,0,0,52,1.716,2,2
0,0,0,4,1.65,2,2
0,0,0,4,1.25,2,2
0,0,0,11,2.65,2,2
0,0,0,11,1.85,2,2
0,1,0,16,1.3,2,2
1,2,0,2,1.68,2,2
0,1,0,36,0.38631,1,0
0,0,0,4,0.95,2,2
0,0,0,4,0.855,2,2
0,0,0,2,1.471,2,2
0,0,0,2,0.907,2,2
0,0,0,11,1.6758,2,2
0,0,0,11,0.8798,2,2
0,0,0,11,2.02,2,2
0,0,0,11,1.35,2,2
0,0,0,11,1.638,2,2
0,0,0,11,1.26,2,2
0,0,0,9,1.638,2,2
0,0,0,9,1.26,2,2
0,0,0,11,1.04,2,2
0,0,0,11,0.65,2,2
0,0,0,6,2.3,2,2
0,0,0,6,1.48,2,2
0,0,0,9,2.69,3,2
0,0,0,9,1.58,3,2
0,0,0,7,1.97,2,2
0,0,0,7,1.06,2,2
0,1,0,56,1.5,2,2
0,1,0,56,1.0,2,2
0,0,0,11,2.9,2,2
0,0,0,11,2.1,2,2
0,0,0,11,1.92,2,2
0,0,0,11,1.728,2,2
0,0,0,2,3.0024,2,2
0,0,0,2,2.0016,2,2
0,0,0,2,3.0024,2,2
0,0,0,2,2.0016,2,2
0,0,0,7,1.75,2,2
0,0,0,7,1.4,2,2
0,0,0,27,1.69,2,2
0,0,0,27,1.0,2,2
0,0,0,2,3.7,2,2
0,0,0,2,2.45,2,2
0,1,0,11,1.15447,5,0
0,0,0,4,1.1,2,1
0,0,0,4,0.8,2,1
0,2,0,4,0.55,2,2
0,2,0,4,0.48,2,2
0,0,0,4,0.95,2,2
0,0,0,4,0.85,2,2
0,0,0,11,1.375,2,2
0,0,0,11,0.815,2,2
0,0,0,9,3.233,2,2
0,0,0,9,1.847,2,2
3,1,0,36,0.3,17,1
0,0,0,9,1.86,2,2
0,0,0,9,1.53088,2,2
0,1,0,42,1.9,2,2
0,1,0,42,1.6,2,2
0,0,0,9,2.0,2,2
0,0,0,9,1.5,2,2
0,1,0,42,1.9,2,2
0,1,0,42,1.8331,2,2
0,0,0,9,2.4,2,2
0,0,0,9,1.8,2,2
0,0,0,9,2.0,2,2
0,0,0,9,1.5,2,2
0,0,0,26,2.995,2,2
0,0,0,26,2.451,2,2
0,0,0,11,1.44,2,2
0,0,0,11,0.66,2,2
0,1,0,9,1.485,2,2
0,1,0,9,1.26277,2,2
0,0,0,15,2.28,2,2
0,0,0,15,1.2,2,2
0,0,0,57,1.8,2,2
0,0,0,57,0.9,2,2
0,0,0,2,1.265,2,2
0,0,0,2,0.78,2,2
0,0,0,11,1.8,2,2
0,0,0,11,1.6,2,2
0,0,0,57,2.72,2,2
0,0,0,57,1.7,2,2
0,1,0,4,0.8,2,2
0,1,0,4,0.6,2,2
0,0,0,11,2.59,2,2
0,0,0,11,1.46,2,2
0,0,0,11,2.0,2,2
0,0,0,11,1.6,2,2
0,3,0,11,3.1,2,2
0,3,0,11,2.39,2,2
0,0,0,4,1.42,2,2
0,0,0,4,0.95,2,2
0,0,0,2,1.55,2,2
0,0,0,2,1.395,2,2
0,1,0,11,1.4,2,2
0,1,0,11,1.2,2,2
0,0,0,11,2.59,2,2
0,0,0,11,1.46,2,2
0,1,0,4,1.09371,28,2
0,1,0,4,0.72914,28,2
0,2,3,4,0.17779,7,0
0,2,0,2,0.19522,24,0
0,0,0,47,2.475,2,2
0,0,0,47,1.722,2,2
0,0,0,2,2.25,2,2
0,0,0,2,1.564,2,2
0,0,0,11,1.395,2,2
0,0,0,11,1.094,2,2
0,1,0,11,1.25,2,2
0,1,0,11,0.9,2,2
0,0,0,52,1.07309,12,2
0,0,0,52,0.75116,12,2
0,0,0,2,1.859,2,2
0,0,0,2,1.293,2,2
0,0,0,9,1.395,2,2
0,0,0,9,1.094,2,2
0,0,0,4,1.2,2,2
0,0,0,4,0.75,2,2
0,0,0,4,1.69,2,2
0,0,0,4,1.106,2,2
0,0,0,9,2.88,2,2
0,0,0,9,1.4,2,2
0,0,0,9,2.88,2,2
0,0,0,9,1.4,2,2
0,1,0,11,1.2,2,2
0,1,0,11,0.9,2,2
0,1,0,47,0.72914,5,2
0,1,0,47,0.60761,5,2
0,0,0,2,2.1505,2,2
0,0,0,2,1.564,2,2
0,0,0,15,1.98,2,2
0,0,0,15,1.14,2,2
0,2,0,4,0.75,2,2
0,2,0,4,0.6,2,2
0,0,0,9,2.045,2,2
0,0,0,9,1.422,2,2
0,0,0,2,2.093,2,2
0,0,0,2,1.822,2,2
0,0,0,27,1.4,2,2
0,0,0,27,1.2,2,2
1,2,0,2,0.85,2,2
0,1,0,9,0.48609,5,2
0,2,0,6,1.2,5,2
0,2,0,6,0.6,5,2
0,0,0,9,1.471,2,2
0,0,0,9,0.907,2,2
0,0,0,11,2.3,2,2
0,0,0,11,1.7,2,2
0,0,0,4,2.27,2,2
0,0,0,4,1.08,2,2
0,0,0,11,1.8,2,2
0,0,0,11,1.6,2,2
0,0,0,15,1.8,2,2
0,0,0,15,1.6,2,2
0,0,0,11,1.8,2,2
0,0,0,11,1.3,2,2
0,0,0,4,0.558,1,2
0,0,0,4,0.51508,1,2
0,2,0,4,0.6,2,0
0,2,0,4,0.5,2,0
0,0,0,11,2.267,2,2
0,0,0,11,1.333,2,2
0,0,0,11,2.52,2,2
0,0,0,11,1.29,2,2
0,0,0,58,1.51902,5,0
0,2,0,2,0.09727,7,0
0,0,0,4,0.8,2,2
0,0,0,4,0.525,2,2
0,0,0,11,2.5,2,2
0,0,0,11,1.625,2,2
0,2,0,4,0.85,2,2
0,2,0,4,0.75,2,2
0,0,0,4,1.536,2,2
0,0,0,4,1.068,2,2
0,1,0,4,1.65,2,2
0,1,0,4,1.24,2,2
0,0,0,4,1.15934,2,2
0,0,0,4,0.81666,2,2
0,0,0,11,1.6758,2,2
0,0,0,11,0.8798,2,2
0,0,0,11,2.5,2,2
0,0,0,11,0.63,2,2
0,0,0,18,2.5375,1,2
0,0,0,18,1.692,1,2
0,0,0,18,2.5375,1,2
0,0,0,18,1.692,1,2
0,1,0,2,1.7,2,2
0,1,0,2,1.2,2,2
0,0,0,11,1.2474,2,2
0,0,0,11,0.65488,2,2
0,0,0,11,2.1358,2,2
0,0,0,11,1.63625,2,2
0,2,0,11,0.12,29,0
1,0,0,57,3.75,2,2
0,0,0,11,1.01943,15,2
0,1,0,59,0.16414,7,0
0,0,0,9,2.2,2,2
0,0,0,9,1.7,2,2
0,3,0,11,2.35,2,2
0,3,0,11,2.1,2,2
0,0,0,15,1.8,2,2
0,0,0,15,1.15,2,2
0,0,0,15,2.0,2,2
0,0,0,15,1.15,2,2
0,0,0,26,2.3125,2,2
0,0,0,26,1.3875,2,2
0,0,0,9,2.8431,2,2
0,0,0,9,1.5309,2,2
0,0,0,11,1.6,2,2
0,0,0,11,0.75,2,2
0,1,0,4,1.25,2,2
0,1,0,4,1.05,2,2
0,1,0,4,1.09371,5,2
0,1,0,4,0.85066,5,2
0,2,0,4,0.55,2,2
0,2,0,4,0.48,2,2
0,2,0,4,1.0,2,2
0,0,0,47,2.259,2,2
0,0,0,47,1.564,2,2
0,0,0,11,2.5,2,2
0,0,0,11,1.625,2,2
0,0,0,9,3.183,2,2
0,0,0,9,1.888,2,2
0,0,0,4,3.85,2,2
0,0,0,4,0.6,2,2
0,1,0,4,1.1,2,2
0,1,0,4,0.95,2,2
0,0,0,2,1.45,2,2
0,0,0,2,1.35,2,2
0,0,0,4,1.8018,2,2
0,0,0,4,1.0602,2,2
0,0,0,4,0.93919,2,2
0,0,0,4,0.51962,2,2
0,0,0,11,2.41871,2,2
0,0,0,11,1.33832,2,2
0,0,0,2,1.7,2,2
0,0,0,2,0.9,2,2
0,3,0,11,2.10914,2,2
0,3,0,11,1.16704,2,2
0,0,0,4,1.925,2,2
0,0,0,4,1.4,2,2
0,0,0,2,1.49076,2,2
0,0,0,2,0.82365,2,2
0,1,0,9,0.36,23,1
0,0,0,2,1.75,2,2
0,0,0,2,1.4875,2,2
0,0,0,18,3.7,2,2
0,0,0,18,2.0,2,2
0,0,0,2,2.35,2,2
0,0,0,2,1.85,2,2
0,1,0,9,1.21523,5,2
0,1,0,9,0.97218,5,2
0,0,0,2,2.161,2,2
0,0,0,2,1.408,2,2
0,1,0,9,1.45828,5,2
0,1,0,9,1.21523,5,2
0,0,0,60,0.53654,3,0
0,2,0,2,1.1,2,1
0,0,0,11,1.28,2,2
0,0,0,11,0.815,2,2
0,1,0,11,0.66837,5,2
0,1,0,11,0.63192,5,2
0,1,0,4,0.60761,5,2
0,1,0,4,0.54685,5,2
0,3,0,11,2.84,2,2
0,3,0,11,2.36,2,2
0,0,0,18,2.481,3,2
0,0,0,18,1.459,3,2
0,0,0,6,1.5585,2,2
0,0,0,6,1.02544,2,2
0,1,0,2,1.5141,2,2
0,1,0,2,1.1536,2,2
0,1,0,11,0.66531,1,2
0,1,0,11,0.5902,1,2
0,0,0,33,1.25686,3,2
0,0,0,61,1.0,9,0
0,2,0,2,0.12767,7,0
0,0,0,2,2.5,2,2
0,0,0,2,1.625,2,2
0,0,0,2,1.85,5,2
0,0,0,2,1.2025,5,2
0,2,0,11,0.26827,4,0
1,2,0,2,1.8,2,2
0,1,0,18,0.85,2,2
0,1,0,18,0.7,2,2
0,0,0,46,1.35,2,2
0,0,0,46,1.0,2,2
0,3,0,19,1.55,2,2
0,3,0,19,1.4,2,2
0,0,0,9,2.045,2,2
0,0,0,9,1.422,2,2
0,0,0,11,2.267,2,2
0,0,0,11,1.333,2,2
0,0,0,2,2.25,2,2
0,0,0,2,1.564,2,2
0,0,0,11,1.638,2,2
0,0,0,11,1.26,2,2
0,0,0,9,1.638,2,2
0,0,0,9,1.26,2,2
0,0,0,1,2.2,2,2
0,0,0,1,1.5,2,2
0,0,0,11,1.45,2,2
0,0,0,11,1.15,2,2
0,0,0,19,2.045,2,2
0,0,0,19,1.389,2,2
0,1,0,11,1.625,2,2
0,1,0,11,1.3,2,2
0,0,0,11,1.5,2,2
0,0,0,11,1.07,2,2
0,3,0,11,1.75,2,2
0,3,0,11,1.1,2,2
0,0,0,11,2.267,2,2
0,0,0,11,1.333,2,2
0,0,0,11,2.52,2,2
0,0,0,11,1.29,2,2
0,0,0,9,1.5,2,2
0,0,0,9,1.25,2,2
0,0,0,11,2.52,2,2
0,0,0,11,1.29,2,2
0,0,0,2,2.25,2,2
0,0,0,2,1.564,2,2
1,1,0,18,0.23,7,0
0,1,0,9,1.1,2,0
0,0,0,11,2.65,2,2
0,0,0,11,1.8275,2,2
0,1,0,4,1.3,2,2
0,1,0,4,1.0,2,2
0,0,0,4,1.536,2,2
0,0,0,4,1.068,2,2
0,0,0,11,1.375,2,2
0,0,0,11,0.815,2,2
0,3,0,54,3.141,2,2
0,3,0,54,1.958,2,2
0,0,0,3,2.05,2,2
0,0,0,3,1.8,2,2
0,0,0,2,1.65,2,2
0,0,0,2,1.44,2,2
0,2,0,46,1.6,2,2
0,2,0,46,1.0,2,2
0,3,0,11,2.0,2,2
0,3,0,11,1.45,2,2
0,1,0,4,1.5,2,2
0,1,0,4,1.0,2,2
0,0,0,27,1.99,2,2
0,0,0,27,1.12,2,2
0,0,0,2,1.05,2,2
0,0,0,2,0.7,2,2
0,2,0,29,1.3,21,1
0,0,0,4,1.8018,2,2
0,0,0,4,1.0602,2,2
0,2,0,11,1.6,2,2
0,2,0,11,1.35,2,2
0,0,0,2,1.83,2,2
0,0,0,2,1.34,2,2
0,0,0,9,2.2,2,2
0,0,0,9,1.5,2,2
0,0,0,3,3.5,2,0
0,0,0,3,2.625,2,0
0,0,0,4,1.22,2,2
0,0,0,4,0.94,2,2
0,0,0,9,2.76,2,2
0,0,0,9,1.84,2,2
0,3,0,11,3.1,2,2
0,3,0,11,2.39,2,2
0,0,0,2,2.25,2,2
0,0,0,2,1.564,2,2
0,1,0,9,1.8,2,2
0,1,0,9,1.5,2,2
0,0,0,2,2.28,2,2
0,0,0,2,1.52,2,2
0,0,0,2,2.0945,2,2
0,0,0,2,1.58677,2,2
0,0,0,4,1.75,2,2
0,0,0,4,1.45,2,2
0,0,0,11,2.4,2,2
0,0,0,11,1.7,2,2
0,1,0,4,1.032,2,2
0,1,0,4,0.612,2,2
1,1,0,2,1.55,2,0
3,2,0,62,0.6697,19,0
0,0,0,2,0.63312,30,0
0,0,0,2,2.37,2,2
0,0,0,2,1.45,2,2
0,0,0,2,2.4,2,2
0,0,0,2,1.39,2,2
0,0,0,15,1.745,2,2
0,0,0,15,1.13,2,2
0,0,0,4,1.3,2,2
0,0,0,4,0.87,2,2
0,0,0,4,1.6,2,2
0,0,0,4,1.08,2,2
0,0,0,11,1.65,2,2
0,0,0,11,1.0725,2,2
0,0,0,11,3.0,2,2
0,0,0,11,1.19,2,2
0,0,0,2,2.858,2,2
0,0,0,2,1.546,2,2
0,1,0,54,0.60795,7,0
0,2,0,4,0.3,2,1
0,1,0,26,2.2,2,2
0,1,0,26,1.95,2,2
0,0,0,27,1.684,2,2
0,0,0,27,1.052,2,2
0,1,0,4,2.06,2,2
0,1,0,4,1.6,2,2
0,0,0,7,2.0,2,2
0,0,0,7,1.75,2,2
0,0,0,7,2.3125,2,2
0,0,0,7,1.3875,2,2
0,0,0,11,1.53,3,2
0,0,0,11,0.94,3,2
0,0,0,11,2.405,2,0
0,0,0,11,1.237,2,0
0,0,0,11,1.6,2,2
0,0,0,11,0.9,2,2
0,2,0,2,1.24234,2,2
0,2,0,2,0.7454,2,2
0,1,0,4,1.09,2,2
0,1,0,4,0.79,2,2
1,0,0,9,0.84053,12,0
0,1,0,9,0.5,31,1
0,0,0,2,2.753,2,2
0,0,0,2,1.835,2,2
0,0,0,2,2.753,2,2
0,0,0,2,1.835,2,2
0,0,0,4,1.6,2,2
0,0,0,4,1.256,2,2
0,0,0,11,1.7,2,2
0,0,0,11,1.2,2,2
0,0,0,11,2.25,2,2
0,0,0,11,1.4,2,2
0,0,0,4,1.4129,2,2
0,0,0,4,0.74178,2,2
0,0,0,2,1.5,2,2
0,0,0,2,1.2,2,2
0,0,0,11,0.85,2,2
0,0,0,11,0.75,2,2
0,0,0,11,2.2,2,2
0,0,0,11,1.6,2,2
0,0,0,11,2.056,2,2
0,0,0,11,1.075,2,2
0,1,0,11,1.2,2,2
0,1,0,11,0.95,2,2
0,0,0,11,1.859,2,2
0,0,0,11,1.293,2,2
0,0,0,11,1.6,2,2
0,0,0,11,1.3,2,2
0,2,0,2,0.12888,7,1
0,1,0,11,2.5,2,2
0,1,0,11,1.75,2,2
0,0,0,2,1.36,2,2
0,0,0,2,1.04,2,2
0,1,0,4,0.8,2,2
0,1,0,4,0.525,2,2
0,0,0,2,1.1,2,2
0,0,0,2,0.84,2,2
0,0,0,49,1.25,2,2
0,0,0,49,1.1,2,2
0,1,0,4,0.9,2,2
0,1,0,4,0.8,2,2
0,0,0,1,2.0,2,2
0,0,0,1,1.35,2,2
1,2,0,20,0.48,2,0
0,2,0,17,1.2,32,1
0,0,0,11,1.3,2,2
0,0,0,11,0.75,2,2
0,0,0,11,2.52,2,2
0,0,0,11,1.29,2,2
0,1,0,4,1.5,2,2
0,1,0,4,1.0,2,2
0,0,0,11,2.267,2,2
0,0,0,11,1.333,2,2
0,0,0,2,1.9,2,2
0,0,0,2,1.65,2,2
0,0,0,11,1.7,2,2
0,0,0,11,1.5,2,2
0,1,0,11,1.5,2,2
0,1,0,11,1.3,2,2
0,0,0,2,2.25,2,2
0,0,0,2,1.564,2,2
0,0,0,12,2.0,2,1
0,1,0,21,0.8,33,1
0,2,0,20,0.12877,34,0
1,2,0,17,0.06304,35,1
0,1,0,63,0.17509,19,2
0,0,0,2,2.57,2,2
0,0,0,2,1.34,2,2
0,0,0,2,0.77262,36,2
0,0,0,2,0.38631,36,2
0,0,0,11,2.056,2,0
0,0,0,11,1.057,2,0
0,0,0,46,1.4,2,2
0,0,0,46,1.1,2,2
0,0,0,26,2.995,2,2
0,0,0,26,2.451,2,2
0,0,0,18,2.1,2,2
0,0,0,18,1.518,2,2
0,1,0,2,0.53654,37,0
0,0,0,4,0.51508,1,2
0,0,0,4,0.40777,1,2
0,0,0,4,0.51508,1,2
0,0,0,4,0.40777,1,2
0,2,0,11,1.6,2,2
0,2,0,11,1.35,2,2
0,1,0,11,1.2,2,2
0,1,0,11,0.95,2,2
0,0,0,11,2.5,2,2
0,0,0,11,0.63,2,2
0,0,0,2,2.37,2,2
0,0,0,2,1.45,2,2
0,0,0,2,1.3,2,2
0,0,0,2,0.9,2,2
0,1,0,4,1.2,2,2
0,1,0,4,1.0,2,2
0,0,0,15,1.745,2,2
0,0,0,15,1.13,2,2
0,1,0,2,1.8331,2,2
0,1,0,2,1.8331,2,2
0,0,0,4,1.45,2,2
0,0,0,4,1.025,2,2
0,0,0,2,2.1,2,2
0,0,0,2,1.85,2,2
0,0,0,15,1.745,2,2
0,0,0,15,1.13,2,2
0,0,0,50,1.22,2,2
0,0,0,50,0.94,2,2
0,0,0,2,2.2,2,2
0,0,0,2,1.46,2,2
0,0,0,11,3.0,2,2
0,0,0,11,1.3,2,2
0,1,0,2,0.2474,27,0
1,1,0,12,0.15897,7,2
0,0,0,50,1.45,2,2
0,0,0,50,1.28,2,2
0,0,0,2,1.82,2,2
0,0,0,2,1.4,2,2
0,0,0,11,1.22,2,2
0,0,0,11,0.94,2,2
0,0,0,9,0.77262,36,2
0,0,0,9,0.38631,36,2
0,3,0,2,3.0,2,2
0,3,0,2,2.0,2,2
0,1,0,4,1.35,2,2
0,1,0,4,1.055,2,2
0,0,0,11,2.52,2,2
0,0,0,11,1.29,2,2
1,1,0,2,1.1,2,0
0,0,0,2,1.36,2,2
0,0,0,2,1.04,2,2
0,0,0,2,1.68,2,2
0,0,0,2,1.3,2,2
0,1,0,4,0.7899,5,2
0,1,0,4,0.43809,5,2
0,1,0,11,1.2,2,2
0,1,0,11,0.95,2,2
0,0,0,2,1.534,2,2
0,0,0,2,1.227,2,2
0,0,0,2,1.85,2,2
0,0,0,2,1.6,2,2
0,0,0,2,2.05,2,2
0,0,0,2,1.85,2,2
0,0,0,9,2.045,2,2
0,0,0,9,1.422,2,2
0,1,0,9,1.45,2,2
0,1,0,9,0.87,2,2
0,2,0,2,0.5,2,2
0,0,0,1,2.341,2,2
0,0,0,1,2.035,2,2
0,0,0,2,2.238,2,2
0,0,0,2,1.721,2,2
0,0,0,2,1.8,2,2
0,0,0,2,1.5,2,2
0,0,0,11,2.322,2,2
0,0,0,11,1.672,2,2
0,0,0,46,1.97,2,2
0,0,0,46,1.06,2,2
0,0,0,18,1.8,2,2
0,0,0,18,1.45,2,2
0,0,0,64,2.25,2,2
0,0,0,64,2.0,2,2
0,0,0,11,1.7,2,2
0,0,0,11,1.14,2,2
0,0,0,11,2.915,2,2
0,0,0,11,1.8,2,2
0,3,0,11,1.962,2,2
0,3,0,11,1.509,2,2
0,0,0,2,1.684,2,2
0,0,0,2,1.052,2,2
0,1,0,11,0.95,1,2
0,1,0,11,0.8,1,2
0,1,0,4,1.16,2,2
0,1,0,4,0.72,2,2
0,0,0,7,2.07,2,2
0,0,0,7,1.67,2,2
0,0,0,9,1.45,2,2
0,0,0,9,1.35,2,2
0,1,0,11,1.05,2,2
0,1,0,11,0.7,2,2
0,0,0,15,1.8,2,2
0,0,0,15,1.15,2,2
0,0,0,11,1.338,2,2
0,0,0,11,0.961,2,2
0,1,0,4,1.2,2,2
0,1,0,4,0.8,2,2
0,0,0,65,1.4,2,2
0,0,0,65,1.0,2,2
0,0,0,18,1.5,2,2
0,0,0,18,1.2,2,2
0,0,0,40,1.4,2,2
0,0,0,40,1.15,2,2
0,0,0,26,2.973,2,2
0,0,0,26,1.982,2,2
0,0,0,2,2.973,2,2
0,0,0,2,1.982,2,2
0,0,0,11,2.02,2,2
0,0,0,11,1.35,2,2
0,0,0,2,1.1,2,2
0,0,0,2,0.84,2,2
0,1,0,9,2.19,2,0
0,0,0,3,2.3,2,2
0,0,0,3,1.96,2,2
0,0,0,46,1.4,2,2
0,0,0,46,1.1,2,2
0,1,0,4,1.5,2,2
0,1,0,4,1.0,2,2
0,0,0,11,1.6,2,2
0,0,0,11,1.1,2,2
0,0,0,2,1.859,2,2
0,0,0,2,1.293,2,2
0,0,0,3,1.261,2,0
0,0,0,3,0.72,2,0
0,0,0,11,1.7,2,2
0,0,0,11,1.5,2,2
0,1,0,9,1.75,2,2
0,1,0,9,1.4,2,2
0,0,0,4,2.405,2,2
0,0,0,4,1.375,2,2
0,1,0,2,1.875,2,2
0,1,0,2,1.65,2,2
0,1,0,66,0.72914,5,0
1,2,3,4,0.25216,2,0
0,0,0,18,2.1,2,2
0,0,0,18,1.6575,2,2
0,0,0,34,2.25,2,2
0,0,0,34,1.6575,2,2
0,1,0,9,1.09006,5,2
0,1,0,9,0.67141,5,2
0,0,0,2,1.35,2,2
0,0,0,2,1.15,2,2
0,0,0,67,2.75,2,2
0,0,0,67,1.75,2,2
0,0,0,2,1.7,2,2
0,0,0,2,1.4,2,2
0,0,0,11,1.75308,2,2
0,0,0,11,1.00706,2,2
0,0,0,67,2.35,2,2
0,0,0,67,1.35,2,2
0,0,0,11,3.1,2,2
0,0,0,11,2.29,2,2
0,0,0,1,2.89076,2,2
0,0,0,1,2.02353,2,2
0,0,0,11,0.69751,25,2
0,0,0,11,0.37558,25,2
0,1,0,6,1.2,2,2
0,1,0,6,1.0,2,2
0,0,0,11,2.267,2,2
0,0,0,11,1.333,2,2
0,0,0,4,1.25,2,2
0,0,0,4,0.85,2,2
0,0,0,4,1.3,2,2
0,0,0,4,0.8,2,2
0,1,0,11,1.2,2,2
0,1,0,11,1.0,2,2
3,0,0,2,0.54094,7,0
1,1,0,20,0.18314,7,0
0,0,0,11,2.3125,2,2
0,0,0,11,1.3875,2,2
0,0,0,11,1.99,2,2
0,0,0,11,1.62,2,2
0,2,0,11,1.6,2,2
0,2,0,11,1.35,2,2
1,2,0,2,1.0,2,2
0,0,0,18,2.0,2,2
0,0,0,18,1.5,2,2
0,2,0,6,1.6,2,2
0,2,0,6,1.2,2,2
0,0,0,18,2.5,2,2
0,0,0,18,2.0,2,2
0,2,0,56,1.5,2,2
0,2,0,56,1.2,2,2
0,0,0,6,1.5,2,2
0,0,0,6,1.0,2,2
1,0,0,19,1.33,9,0
0,0,0,2,2.7255,2,2
0,0,0,2,1.982,2,2
0,0,0,2,1.82,2,2
0,0,0,2,1.4,2,2
0,0,0,11,2.0,2,2
0,0,0,11,1.6,2,2
0,0,0,9,2.045,2,2
0,0,0,9,1.422,2,2
0,1,0,2,1.2,2,2
0,1,0,2,1.05,2,2
0,0,0,11,1.875,2,2
0,0,0,11,1.75,2,2
0,0,0,9,2.045,2,2
0,0,0,9,1.422,2,2
0,0,0,4,1.55,2,2
0,0,0,4,0.64,2,2
0,0,0,12,2.35,2,2
0,0,0,12,1.85,2,2
0,0,0,15,1.745,2,2
0,0,0,15,1.13,2,2
0,0,0,2,1.431,3,2
0,0,0,2,1.13,3,2
0,0,0,3,1.84,2,2
0,0,0,3,1.42,2,2
0,0,0,2,1.4,2,2
0,0,0,2,1.2,2,2
0,0,0,15,1.745,2,2
0,0,0,15,1.13,2,2
0,0,0,2,1.8056,2,2
0,0,0,2,1.1544,2,2
0,0,0,2,1.4,2,2
0,0,0,2,1.2,2,2
0,0,0,18,2.481,2,2
0,0,0,18,1.459,2,2
0,0,0,2,1.2,3,2
0,0,0,2,1.1,3,2
0,0,0,11,2.915,2,2
0,0,0,11,1.8,2,2
0,1,0,9,0.75344,5,2
0,1,0,9,0.63192,5,2
0,0,0,11,1.618,2,2
0,0,0,11,1.416,2,2
0,1,0,9,0.58331,5,2
0,1,0,9,0.46178,5,2
0,0,0,11,1.66,2,2
0,0,0,11,1.28,2,2
0,0,0,15,1.7,2,2
0,0,0,15,1.1,2,2
0,0,0,11,1.6,2,2
0,0,0,11,0.75,2,2
0,0,0,11,2.36,2,2
0,0,0,11,1.82,2,2
1,1,0,4,0.14307,7,0
1,2,0,2,1.3,2,2
0,1,0,4,1.5,2,2
0,1,0,4,1.0,2,2
0,0,0,9,2.615,2,0
0,0,0,9,1.345,2,0
1,1,0,2,0.13989,7,0
0,1,0,2,1.3,2,2
0,1,0,2,0.9,2,2
0,2,0,11,1.6,2,2
0,2,0,11,1.35,2,2
1,0,0,68,1.25,2,0
1,0,0,11,1.75,2,2
1,0,0,11,1.55,2,2
1,0,0,11,1.536,2,2
1,0,0,11,1.068,2,2
1,0,0,2,1.5,2,2
1,0,0,2,1.4,2,2
1,0,0,50,1.22,2,2
1,0,0,50,0.945,2,2
1,0,0,11,1.7,2,2
1,0,0,11,1.3,2,2
1,0,0,50,1.45,2,2
1,0,0,50,1.28,2,2
1,0,0,11,1.45,2,2
1,0,0,11,1.0,2,2
1,0,0,11,1.75,2,2
1,0,0,11,1.2,2,2
1,0,0,11,1.45,2,2
1,0,0,11,1.15,2,2
1,0,0,38,1.5,2,2
1,1,0,4,1.5,2,2
1,1,0,4,1.0,2,2
1,1,0,2,1.5,2,2
1,1,0,2,1.275,2,2
1,0,0,2,1.265,2,2
1,0,0,2,0.51,2,2
1,1,0,11,2.6,2,2
1,1,0,11,1.75,2,2
1,2,0,21,0.4,38,2
1,2,0,44,0.4,20,2
1,0,0,11,2.5,2,2
1,0,0,11,0.63,2,2
1,0,0,9,2.1,2,2
1,0,0,9,1.6,2,2
1,0,0,2,2.7255,2,2
1,0,0,2,1.982,2,2
1,1,0,2,0.9456,12,2
1,1,0,2,0.52533,12,2
1,0,0,2,2.2,2,2
1,0,0,2,1.46,2,2
1,1,0,4,1.5,2,2
1,1,0,4,1.0,2,2
1,0,0,57,2.484,3,2
1,0,0,57,1.836,3,2
1,1,0,11,1.5,2,2
1,1,0,11,1.5,2,2
1,2,0,69,0.4,20,2
1,0,0,39,0.56723,7,0
1,1,0,11,1.2,2,2
1,1,0,11,0.95,2,2
1,2,0,11,1.6,2,2
1,2,0,11,1.35,2,2
1,2,0,50,0.24165,39,2
1,0,0,11,2.16,2,2
1,0,0,11,1.44,2,2
1,2,0,11,0.85,2,2
1,2,0,11,0.65,2,2
1,0,0,4,1.49,2,2
1,0,0,4,1.19,2,2
1,0,0,2,1.4,2,2
1,0,0,2,1.2,2,2
1,1,0,2,1.5,2,2
1,1,0,2,1.1,2,2
1,0,0,9,2.46,2,2
1,0,0,9,2.01,2,2
1,0,0,2,1.9,2,2
1,0,0,2,1.55,2,2
1,0,0,1,2.35,2,2
1,0,0,1,1.85,2,2
1,0,0,40,1.9,2,2
1,0,0,40,1.6,2,2
1,2,0,59,1.0,2,2
1,1,0,11,1.3,2,2
1,1,0,11,1.15,2,2
1,1,0,2,0.9235,5,2
1,1,0,2,0.67723,5,2
1,1,0,11,1.05,2,2
1,1,0,11,0.7,2,2
1,0,0,9,2.045,2,2
1,0,0,9,1.422,2,2
1,0,0,9,1.92,2,2
1,0,0,9,1.64,2,2
1,0,0,11,1.859,2,2
1,0,0,11,1.293,2,2
1,0,0,11,1.3,2,2
1,0,0,11,0.75,2,2
1,0,0,26,1.75,2,2
1,0,0,26,1.2,2,2
1,0,0,11,1.675,2,2
1,0,0,11,1.065,2,2
1,1,0,4,0.75,2,2
1,1,0,4,0.6,2,2
1,0,0,3,1.84,2,2
1,0,0,3,1.42,2,2
1,1,0,2,1.45,2,2
1,1,0,2,1.0,2,2
1,2,0,57,0.1,40,1
1,1,0,2,0.31795,2,2
1,1,0,67,0.44365,41,1
1,0,0,11,1.75,2,2
1,0,0,11,1.2,2,2
1,0,0,11,1.75,2,2
1,0,0,11,1.2,2,2
1,3,0,11,2.0,2,2
1,3,0,11,1.45,2,2
1,1,0,11,0.9235,5,2
1,1,0,11,0.7388,5,2
1,0,0,11,1.45,2,2
1,0,0,11,1.0,2,2
1,0,0,3,1.92,2,2
1,0,0,3,1.64,2,2
1,3,0,11,3.1,2,2
1,3,0,11,2.39,2,2
1,0,0,4,1.2,2,2
1,0,0,4,0.95,2,2
1,0,0,9,1.45,2,2
1,0,0,9,1.35,2,2
1,0,0,11,1.0,2,2
1,0,0,11,0.78,2,2
1,0,0,11,0.73546,1,2
1,0,0,11,0.36773,1,2
1,1,0,11,1.6,2,2
1,1,0,11,1.2,2,2
1,0,0,2,1.9,2,2
1,0,0,2,1.5,2,2
1,1,0,11,0.3561,7,0
1,0,0,36,1.25,18,0
1,0,0,11,1.2,2,2
1,0,0,11,0.95,2,2
1,1,0,4,1.5,2,2
1,1,0,4,1.0,2,2
1,0,0,2,0.4728,1,2
1,0,0,2,0.37824,1,2
1,0,0,4,1.15934,2,2
1,0,0,4,0.81666,2,2
1,0,0,2,1.75,2,2
1,0,0,2,1.4,2,2
1,0,0,11,1.2,2,2
1,0,0,11,0.95,2,2
1,0,0,6,2.495,2,2
1,0,0,6,1.4985,2,2
1,1,0,7,1.225,2,2
1,1,0,7,1.0,2,2
1,0,0,2,2.495,2,2
1,0,0,2,1.4985,2,2
1,2,0,4,0.55,2,2
1,2,0,4,0.48,2,2
1,0,0,18,2.495,2,2
1,0,0,18,1.4985,2,2
1,1,0,12,0.58837,12,1
1,0,0,11,1.9,2,2
1,0,0,11,1.2,2,2
1,0,0,4,1.27,2,2
1,0,0,4,1.04,2,2
1,0,0,2,2.1,2,2
1,0,0,2,1.5,2,2
1,0,0,9,2.1,2,2
1,0,0,9,1.5,2,2
1,0,0,11,2.1,2,2
1,0,0,11,1.3,2,2
1,0,0,2,1.8275,2,2
1,0,0,2,1.615,2,2
1,1,0,4,1.0264,2,2
1,1,0,4,0.661,2,2
1,0,0,18,2.1,2,2
1,0,0,18,1.5,2,2
1,0,0,11,1.988,2,2
1,0,0,11,1.226,2,2
1,1,0,11,1.3,2,2
1,1,0,11,0.8,2,2
1,0,0,2,1.36,2,2
1,0,0,2,1.04,2,2
1,0,0,4,1.5,2,2
1,0,0,4,1.0,2,2
1,2,0,11,1.6,2,2
1,2,0,11,1.35,2,2
1,0,0,11,2.16,2,2
1,0,0,11,1.44,2,2
1,3,0,2,1.59,2,2
1,3,0,2,1.3,2,2
1,0,0,4,1.15934,2,2
1,0,0,4,0.81666,2,2
1,0,0,11,2.15,2,2
1,0,0,11,1.5,2,2
1,0,0,9,2.46,2,2
1,0,0,9,2.01,2,2
1,1,0,11,1.87,2,2
1,1,0,11,1.53,2,2
1,0,0,9,2.55,23,2
1,0,0,9,1.85,23,2
1,1,0,4,4.30967,5,2
1,1,0,4,0.5541,5,2
1,0,0,4,0.50432,1,2
1,0,0,4,0.39925,1,2
1,0,0,4,1.69,2,2
1,0,0,4,1.106,2,2
1,2,0,53,0.60938,4,0
1,0,0,46,1.4,2,2
1,0,0,46,1.2,2,2
1,1,0,4,0.75,2,2
1,1,0,4,0.6,2,2
1,0,0,70,0.1,42,1
1,2,0,4,0.5,2,0
1,1,0,35,1.34,2,2
1,1,0,35,1.24,2,2
1,0,0,4,1.667,2,2
1,0,0,4,1.19,2,2
1,2,0,2,1.24234,2,2
1,2,0,2,0.7454,2,2
1,1,0,4,1.0,2,2
1,1,0,4,0.65,2,2
3,1,0,4,0.16904,7,0
1,2,0,36,2.0,3,0
1,2,0,9,0.12,43,0
1,0,0,11,2.2,2,2
1,0,0,11,1.46,2,2
1,0,0,11,0.68293,1,2
1,0,0,11,0.36773,1,2
1,0,0,30,1.1,2,2
1,0,0,30,0.7,2,2
1,2,0,4,0.5,2,0
1,0,0,11,1.2,2,2
1,0,0,11,0.95,2,2
1,1,0,4,1.5,2,2
1,1,0,4,1.0,2,2
1,0,0,2,0.4728,1,2
1,0,0,2,0.37824,1,2
1,0,0,15,1.9,2,2
1,0,0,15,1.35,2,2
1,0,0,2,1.28,2,2
1,0,0,2,0.815,2,2
1,0,0,2,1.73,2,2
1,0,0,2,1.1,2,2
1,0,0,9,1.92,2,2
1,0,0,9,1.2,2,2
1,0,0,4,1.15934,2,2
1,0,0,4,0.81666,2,2
1,0,0,4,1.2,2,2
1,0,0,4,0.95,2,2
1,0,0,71,1.9,2,0
1,0,0,11,1.94,2,2
1,0,0,11,1.294,2,2
1,0,0,4,2.01,2,2
1,0,0,4,0.892,2,2
1,0,0,2,1.65,2,2
1,0,0,2,1.25,2,2
1,0,0,3,2.3,2,2
1,0,0,3,1.96,2,2
1,1,0,9,1.3,2,2
1,1,0,9,0.9,2,2
1,1,0,28,1.5,2,2
1,1,0,28,1.0,2,2
1,1,0,9,2.3,2,2
1,1,0,9,1.5,2,2
1,0,0,11,1.536,2,2
1,0,0,11,1.068,2,2
1,1,0,28,1.3,2,2
1,1,0,28,1.0,2,2
1,0,0,11,2.16,2,2
1,0,0,11,1.44,2,2
1,1,0,2,1.8,2,2
1,1,0,2,1.2,2,2
1,2,0,11,1.6,2,2
1,2,0,11,1.35,2,2
1,0,0,4,1.925,2,2
1,0,0,4,1.4,2,2
1,0,0,11,1.525,2,2
1,0,0,11,1.3,2,2
1,0,0,4,0.65,2,2
1,0,0,4,0.55,2,2
1,0,0,11,1.7875,2,2
1,0,0,11,1.6,2,2
1,1,0,2,0.6304,12,2
1,1,0,2,0.52533,12,2
1,1,0,34,1.65,2,2
1,1,0,34,1.35,2,2
1,0,0,7,1.7,2,2
1,0,0,7,1.25,2,2
1,0,0,11,1.05,2,2
1,0,0,11,0.7,2,2
1,0,0,2,1.3,2,2
1,0,0,2,0.95,2,2
1,0,0,2,2.035,2,2
1,0,0,2,1.52,2,2
1,0,0,11,1.9743,2,2
1,0,0,11,1.3476,2,2
1,1,0,2,1.2,2,2
1,0,0,11,1.97,2,2
1,0,0,11,0.99,2,2
1,0,0,11,2.2,2,2
1,0,0,11,1.62,2,2
1,1,0,11,1.10446,44,2
1,1,0,11,0.79178,44,2
1,1,0,50,0.70186,5,2
1,1,0,50,0.51716,5,2
1,0,0,15,1.4904,2,2
1,0,0,15,1.139,2,2
2,1,0,20,0.95,2,2
3,0,0,4,1.15,2,1
1,0,0,4,1.71,20,0
1,2,0,72,0.13,43,1
1,0,0,11,1.0,2,2
1,0,0,11,0.78,2,2
1,0,0,11,1.2,2,2
1,0,0,11,0.95,2,2
1,0,0,30,1.1,2,2
1,0,0,30,0.7,2,2
1,2,2,73,0.5,2,1
1,0,0,2,1.859,2,2
1,0,0,2,1.293,2,2
1,1,0,4,1.5,2,2
1,1,0,4,1.0,2,2
1,0,0,11,2.3,2,2
1,0,0,11,1.546,2,2
1,0,0,9,2.045,2,2
1,0,0,9,1.422,2,2
1,1,0,11,1.6,2,2
1,1,0,11,0.75,2,2
1,0,0,2,0.4728,1,2
1,0,0,2,0.37824,1,2
1,0,0,11,2.13,2,2
1,0,0,11,1.52,2,2
1,0,0,2,1.4,2,2
1,0,0,2,1.2,2,2
1,0,0,2,1.1,2,2
1,0,0,2,0.7,2,2
1,0,0,57,2.272,3,2
1,0,0,57,1.68,3,2
3,2,0,70,0.2,45,2
1,1,0,2,0.6409,4,2
1,1,0,2,0.60938,4,2
1,0,0,1,2.43,2,2
1,0,0,1,1.83,2,2
1,0,0,11,1.75,2,2
1,0,0,11,1.5,2,2
1,1,0,2,1.3,2,2
1,1,0,2,0.9,2,2
1,1,0,4,1.65,2,2
1,1,0,4,1.24,2,2
1,0,0,11,1.78,3,2
1,0,0,11,1.32,3,2
1,0,0,11,3.0,2,2
1,0,0,11,1.3,2,2
1,0,0,4,1.69,2,2
1,0,0,4,1.106,2,2
1,0,0,4,1.16,2,2
1,0,0,4,0.96,2,2
1,0,0,4,0.9235,5,2
1,0,0,4,0.70186,5,2
1,0,0,4,1.05,2,2
1,0,0,4,0.7,2,2
1,1,0,28,1.05236,3,0
1,0,0,11,1.94,2,2
1,0,0,11,1.294,2,2
1,0,0,15,1.9,2,2
1,0,0,15,1.35,2,2
1,0,0,4,1.0,2,2
1,0,0,4,0.7,2,2
1,2,0,9,1.8975,2,2
1,2,0,9,1.4025,2,2
1,0,0,4,1.3,2,2
1,0,0,4,1.0,2,2
1,1,0,4,1.6,2,2
1,1,0,4,1.09,2,2
1,0,0,6,2.5,2,2
1,0,0,6,1.5,2,2
1,1,0,4,2.06,2,2
1,1,0,4,1.6,2,2
1,0,0,11,1.35,2,2
1,0,0,11,1.2,2,2
1,0,0,9,1.15573,12,2
1,0,0,9,0.73546,12,2
1,2,0,11,1.6,2,2
1,2,0,11,1.35,2,2
1,1,0,4,1.5,2,2
1,1,0,4,1.0,2,2
1,1,0,11,1.2,2,2
1,1,0,11,0.95,2,2
1,0,0,11,0.68293,1,2
1,0,0,11,0.42026,1,2
1,0,0,11,1.912,2,2
1,0,0,11,1.3,2,2
1,0,0,11,1.912,2,2
1,0,0,11,1.3,2,2
1,2,0,66,0.66192,4,0
1,2,0,70,0.5,46,1
1,0,0,11,2.3,2,0
1,0,0,11,1.546,2,0
1,0,0,11,1.2,2,2
1,0,0,11,0.95,2,2
1,0,0,2,1.4,2,2
1,0,0,2,1.2,2,2
1,0,0,4,1.69,2,2
1,0,0,4,1.106,2,2
1,1,0,4,0.8,2,0
1,0,0,11,1.859,2,2
1,0,0,11,1.293,2,2
1,0,0,7,1.35,2,2
1,0,0,7,1.1,2,2
1,1,0,19,1.55,2,2
1,1,0,19,1.4,2,2
1,0,0,11,2.05,2,2
1,0,0,11,1.5,2,2
1,0,0,11,1.795,2,2
1,0,0,11,1.34,2,2
1,1,0,2,1.8,2,2
1,1,0,2,1.2,2,2
1,0,0,2,1.859,2,2
1,0,0,2,1.293,2,2
1,0,0,2,1.75,2,2
1,0,0,2,1.45,2,2
1,0,0,15,2.35,2,2
1,0,0,15,1.75,2,2
1,2,0,50,0.27317,1,0
1,1,0,11,1.6,2,2
1,1,0,11,0.9,2,2
1,0,0,11,0.68293,1,2
1,0,0,11,0.36773,1,2
1,0,0,11,1.45,2,2
1,0,0,11,1.15,2,2
1,1,0,30,1.65,2,2
1,1,0,30,1.35,2,2
1,0,0,11,1.684,2,2
1,0,0,11,1.052,2,2
1,1,0,56,0.86193,5,2
1,1,0,56,0.49253,5,2
1,0,0,11,2.0,2,2
1,0,0,11,1.6,2,2
1,0,0,2,0.4728,1,2
1,0,0,2,0.37824,1,2
1,0,0,2,1.988,2,2
1,0,0,2,1.226,2,2
1,2,2,9,1.0,47,2
1,1,0,53,1.05066,12,2
1,0,0,4,1.3,2,2
1,0,0,4,1.0,2,2
1,1,0,7,1.04663,5,2
1,1,0,7,0.7388,5,2
1,0,0,11,1.25,2,2
1,0,0,11,1.1,2,2
1,1,0,4,1.65,2,2
1,1,0,4,1.24,2,2
1,0,0,2,1.48,2,2
1,0,0,2,1.07,2,2
1,1,0,4,1.5,2,2
1,1,0,4,1.0,2,2
1,2,0,11,1.6,2,2
1,2,0,11,1.35,2,2
1,1,0,11,1.2,2,2
1,1,0,11,0.95,2,2
1,0,0,11,1.536,2,2
1,0,0,11,1.068,2,2
1,1,0,4,1.0,3,2
1,1,0,4,0.65,3,2
1,1,0,11,1.2,2,2
1,1,0,11,0.95,2,2
1,0,0,11,0.6304,25,2
1,0,0,11,0.36773,25,2
1,3,0,11,3.1,2,2
1,3,0,11,2.39,2,2
1,0,0,26,2.995,2,2
1,0,0,26,2.451,2,2
1,0,0,2,1.68,2,2
1,0,0,2,1.3,2,2
1,0,0,2,1.36,2,2
1,0,0,2,1.04,2,2
1,1,0,11,1.61,2,2
1,1,0,11,1.18,2,2
1,0,0,3,2.05,2,2
1,0,0,3,1.84,2,2
1,0,0,2,1.859,2,2
1,0,0,2,1.293,2,2
1,0,0,26,2.475,2,2
1,0,0,26,1.722,2,2
1,0,0,74,0.68293,39,0
1,0,0,4,1.77,2,2
1,0,0,4,1.31,2,2
1,0,0,3,2.05,2,2
1,0,0,3,1.84,2,2
1,0,0,11,1.46,2,2
1,0,0,11,1.02,2,2
1,0,0,4,1.69,2,2
1,0,0,4,1.106,2,2
1,0,0,3,2.3,2,2
1,0,0,3,1.96,2,2
1,0,0,11,1.35,2,2
1,0,0,11,1.0,2,2
1,1,0,11,0.8,2,2
1,1,0,11,0.65,2,2
1,0,0,11,1.35,2,2
1,0,0,11,1.0,2,2
1,0,0,11,0.61566,5,2
1,0,0,11,0.43096,5,2
1,1,0,11,1.75,2,2
1,1,0,11,1.35,2,2
1,2,0,2,0.8,2,2
1,0,0,11,2.3125,2,2
1,0,0,11,1.3875,2,2
1,0,0,7,1.9375,2,2
1,0,0,7,1.1625,2,2
1,0,0,11,2.3125,2,2
1,0,0,11,1.3875,2,2
1,0,0,7,2.3125,2,2
1,0,0,7,1.3875,2,2
1,0,0,7,2.3125,2,2
1,0,0,7,1.3875,2,2
1,0,0,11,1.9375,2,2
1,0,0,11,1.1625,2,2
1,0,0,2,2.08,2,2
1,0,0,2,1.27,2,2
1,0,0,18,3.0,2,2
1,0,0,18,1.96,2,2
1,0,0,9,2.045,2,2
1,0,0,9,1.422,2,2
3,1,2,37,0.45555,48,2
1,0,0,11,1.859,2,2
1,0,0,11,1.293,2,2
1,0,0,2,0.4728,1,2
1,0,0,2,0.37824,1,2
1,0,0,9,2.045,2,2
1,0,0,9,1.422,2,2
1,0,0,2,2.05,2,2
1,0,0,2,1.85,2,2
1,0,0,2,1.859,2,2
1,0,0,2,1.293,2,2
1,0,0,9,2.475,2,2
1,0,0,9,1.722,2,2
1,2,0,11,1.6,2,2
1,2,0,11,1.35,2,2
1,1,0,4,1.5,2,2
1,1,0,4,1.0,2,2
1,0,0,4,1.1,2,2
1,0,0,4,0.95,2,2
1,0,0,2,1.859,2,2
1,0,0,2,1.293,2,2
1,0,0,3,2.05,2,2
1,0,0,3,1.84,2,2
1,2,0,2,0.17684,49,2
1,0,0,75,3.75,2,0
1,0,0,11,1.912,2,2
1,0,0,11,1.3,2,2
1,0,0,2,2.25,2,2
1,0,0,2,1.564,2,2
1,0,0,4,1.69,2,2
1,0,0,4,1.106,2,2
1,0,0,9,2.045,2,2
1,0,0,9,1.422,2,2
1,1,0,9,1.04663,5,2
1,1,0,9,0.80036,5,2
1,0,0,2,1.859,2,2
1,0,0,2,1.293,2,2
1,0,0,2,1.407,2,2
1,0,0,2,0.938,2,2
1,0,0,2,3.5,2,2
1,0,0,2,1.35,2,2
1,0,0,4,1.15934,2,2
1,0,0,4,0.81666,2,2
1,2,3,49,0.12,2,0
1,1,0,9,1.04697,10,0
1,2,0,69,0.33,4,1
1,2,0,34,0.34672,4,1
1,0,0,9,2.01,2,2
1,0,0,9,1.19,2,2
1,0,0,11,1.75,2,2
1,0,0,11,1.5,2,2
1,0,0,4,1.5456,2,2
1,0,0,4,1.23648,2,2
1,0,0,4,1.3,2,2
1,0,0,4,1.0,2,2
1,1,0,11,1.7,2,2
1,1,0,11,1.45,2,2
1,0,0,11,1.35,2,2
1,0,0,11,1.0,2,2
1,0,0,2,2.475,2,2
1,0,0,2,1.722,2,2
1,0,0,2,1.775,2,2
1,0,0,2,1.34,2,2
1,0,0,2,1.859,2,2
1,0,0,2,1.293,2,2
1,0,0,15,1.92564,2,2
1,0,0,15,1.44854,2,2
1,0,0,4,1.3,2,2
1,0,0,4,1.05,2,2
1,0,0,11,1.79305,2,2
1,0,0,11,1.42127,2,2
1,0,0,11,3.15,2,2
1,0,0,11,2.25,2,2
1,0,0,2,2.439,2,2
1,0,0,2,1.566,2,2
1,1,0,4,2.06,2,2
1,1,0,4,1.6,2,2
1,1,0,4,1.09,2,2
1,1,0,4,0.79,2,2
1,1,0,4,1.6,2,2
1,1,0,4,1.09,2,2
1,1,0,76,0.89306,50,0
1,0,0,11,1.825,2,2
1,0,0,11,1.285,2,2
1,1,0,11,1.6,2,2
1,1,0,11,0.9,2,2
1,2,0,27,0.773,2,2
1,2,0,27,0.456,2,2
1,0,0,4,1.27,2,2
1,0,0,4,1.1,2,2
1,0,0,15,2.1,2,2
1,0,0,15,1.36,2,2
1,0,0,77,0.12608,51,1
1,0,0,11,1.7,2,2
1,0,0,11,1.4,2,2
1,0,0,11,2.475,2,2
1,0,0,11,1.722,2,2
1,0,0,11,2.25,2,2
1,0,0,11,1.841,2,2
1,1,0,9,1.3,2,2
1,1,0,9,0.9,2,2
1,1,0,2,1.2,2,2
1,1,0,2,1.0,2,2
1,1,0,2,0.85,2,2
1,1,0,2,0.78,2,2
1,0,0,11,1.61,2,2
1,0,0,11,1.1,2,2
1,0,0,2,1.36,2,2
1,0,0,2,1.04,2,2
1,0,0,2,0.4728,1,2
1,0,0,2,0.37824,1,2
1,3,0,25,2.05,2,2
1,3,0,25,1.6,2,2
1,0,0,4,1.69,2,2
1,0,0,4,1.106,2,2
1,2,0,11,0.61566,5,2
1,2,0,11,0.49253,5,2
1,0,0,11,1.6,2,2
1,0,0,11,1.3,2,2
1,0,0,2,2.45,2,2
1,0,0,2,1.8,2,2
1,0,0,11,1.35,2,2
1,0,0,11,1.0,2,2
1,0,0,11,2.2,2,2
1,0,0,11,1.5,2,2
1,0,0,2,1.9844,2,0
1,0,0,2,1.44,2,0
1,0,0,11,2.4,2,2
1,0,0,11,1.7,2,2
1,0,0,2,1.9844,2,2
1,0,0,2,1.44,2,2
1,1,0,4,1.5,2,2
1,1,0,4,1.0,2,2
1,0,0,4,1.2,2,2
1,0,0,4,0.95,2,2
1,1,0,2,0.57872,5,2
1,2,0,4,0.64,2,0
1,2,0,2,0.39925,12,0
1,0,0,9,1.872,3,2
1,0,0,9,1.161,3,2
1,0,0,4,1.5,2,2
1,0,0,4,1.27,2,2
1,0,0,11,2.75,2,2
1,0,0,11,1.66,2,2
1,0,0,2,1.59699,2,2
1,0,0,2,1.38938,2,2
1,2,0,49,0.76,2,0
1,0,0,4,1.667,2,2
1,0,0,4,1.19,2,2
1,0,0,4,1.3,2,2
1,0,0,4,1.0,2,2
1,0,0,7,1.03432,5,2
1,0,0,7,0.9235,5,2
1,0,0,4,0.8,2,2
1,0,0,4,0.525,2,2
1,0,0,11,2.36,2,2
1,0,0,11,1.82,2,2
1,0,0,2,1.8,2,2
1,0,0,2,1.4,2,2
1,0,0,2,2.25,2,2
1,0,0,2,1.564,2,2
1,0,0,4,1.35,2,2
1,0,0,4,1.0,2,2
1,0,0,9,2.045,2,2
1,0,0,9,1.422,2,2
1,1,0,6,2.4,2,2
1,2,3,4,1.25404,2,1
1,0,0,11,3.0,2,2
1,0,0,11,1.3,2,2
1,0,0,11,1.95,2,2
1,0,0,11,1.75,2,2
1,0,0,11,1.55,2,2
1,0,0,11,1.1,2,2
1,0,0,78,1.23,2,2
1,0,0,78,0.9225,2,2
1,0,0,11,1.7,2,2
1,0,0,11,1.5,2,2
1,1,0,1,1.8,2,2
1,1,0,1,1.0,2,2
1,0,0,11,0.97,2,2
1,0,0,11,0.9,2,2
1,0,0,11,2.0,2,2
1,0,0,11,1.6,2,2
1,0,0,9,2.1,2,2
1,0,0,9,1.8,2,2
1,0,0,11,2.6,2,2
1,0,0,11,1.8,2,2
1,3,0,7,2.1,2,2
1,3,0,7,1.57,2,2
1,2,0,2,1.8,2,2
1,2,0,2,1.0,2,2
1,1,0,4,0.8,2,2
1,1,0,4,0.525,2,2
1,0,0,15,1.28,2,2
1,0,0,15,0.815,2,2
1,0,0,45,1.05,2,2
1,0,0,45,0.7,2,2
1,0,0,2,1.75,2,2
1,0,0,2,1.225,2,2
1,0,0,11,1.71,2,2
1,0,0,11,1.17,2,2
1,0,0,2,2.028,2,0
1,0,0,2,1.043,2,0
1,0,0,4,0.50432,1,2
1,0,0,4,0.36773,1,2
1,0,0,11,1.97,2,2
1,0,0,11,0.99,2,2
1,0,0,11,1.6,2,2
1,0,0,11,1.1,2,2
1,0,0,2,1.859,2,2
1,0,0,2,1.293,2,2
1,1,0,2,0.3,23,0
1,1,0,7,0.78,24,2
1,1,0,7,0.48,24,2
1,0,0,11,1.7,2,2
1,0,0,11,1.3,2,2
1,0,0,4,1.5,2,2
1,0,0,4,0.95,2,2
1,1,0,11,0.78,24,2
1,1,0,11,0.42,24,2
1,0,0,15,3.456,2,2
1,0,0,15,2.304,2,2
1,0,0,11,1.45,2,2
1,0,0,11,1.15,2,2
1,1,0,49,0.78,24,2
1,1,0,49,0.48,24,2
1,0,0,4,1.7595,2,2
1,0,0,4,1.3005,2,2
1,0,0,11,2.056,2,0
1,0,0,11,1.057,2,0
1,0,0,4,2.366,2,2
1,0,0,4,0.892,2,2
1,1,0,2,0.84,24,2
1,1,0,2,0.54,24,2
1,2,0,2,0.8,2,0
1,0,0,79,2.0,5,1
1,2,0,2,0.73742,3,0
1,0,0,47,1.65,2,1
1,2,0,2,0.33246,5,0
1,0,0,11,1.859,2,2
1,0,0,11,1.293,2,2
1,0,0,4,1.69,2,2
1,0,0,4,1.106,2,2
3,2,0,80,0.05409,7,0
3,1,0,11,0.7505,20,0
1,0,0,11,2.25,2,2
1,0,0,11,1.841,2,2
1,0,0,2,1.859,2,2
1,0,0,2,1.293,2,2
1,0,0,2,2.25,2,2
1,0,0,2,1.564,2,2
1,0,0,2,1.859,2,2
1,0,0,2,1.293,2,2
1,2,0,9,1.08,2,1
1,0,0,81,0.08,19,0
1,0,0,2,1.55,2,2
1,0,0,2,0.38,2,2
1,1,0,4,0.85,2,2
1,1,0,4,0.65,2,2
1,0,0,2,1.55,2,2
1,0,0,2,0.38,2,2
1,1,0,11,1.1082,5,2
1,1,0,11,0.9235,5,2
1,0,0,2,1.536,2,2
1,0,0,2,1.068,2,2
1,0,0,2,1.85,2,2
1,0,0,2,0.5,2,2
1,0,0,11,1.859,2,2
1,0,0,11,1.293,2,2
1,0,0,2,1.55,2,2
1,0,0,2,0.38,2,2
1,0,0,2,1.68,2,2
1,0,0,2,1.3,2,2
1,0,0,2,1.234,2,2
1,0,0,2,0.881,2,2
1,0,0,2,1.2,2,1
1,0,0,2,0.55,2,1
1,0,0,2,1.859,2,2
1,0,0,2,1.293,2,2
1,0,0,11,1.912,2,2
1,0,0,11,1.3,2,2
1,0,0,4,1.69,2,2
1,0,0,4,1.106,2,2
1,0,0,7,1.5,2,2
1,0,0,7,1.2,2,2
1,0,0,50,1.39,2,2
1,0,0,50,1.22,2,2
1,0,0,2,1.859,2,2
1,0,0,2,1.293,2,2
1,0,0,4,1.396,2,2
1,0,0,4,0.857,2,2
1,0,0,11,1.85,2,2
1,0,0,11,0.5,2,2
1,0,0,11,1.859,2,2
1,0,0,11,1.293,2,2
1,0,0,2,2.25,2,2
1,0,0,2,1.564,2,2
1,0,0,2,2.0,2,2
1,0,0,2,1.75,2,2
1,0,0,11,1.859,2,2
1,0,0,11,1.293,2,2
1,1,0,1,1.485,2,0
1,1,0,1,0.982,2,0
1,0,0,4,1.15,2,2
1,0,0,4,0.95,2,2
1,0,0,15,2.25,2,2
1,0,0,15,0.66,2,2
1,0,0,2,1.85,2,2
1,0,0,2,0.5,2,2
1,0,0,2,0.4728,1,2
1,0,0,2,0.37824,1,2
1,1,0,27,1.34,2,2
1,1,0,27,0.98,2,2
1,1,0,4,1.05,2,2
1,1,0,4,0.62,2,2
1,2,0,53,0.57,2,0
1,0,0,29,1.61311,3,2
1,1,0,2,1.442,2,2
1,1,0,2,1.1536,2,2
1,1,0,2,0.83171,20,0
1,0,0,82,0.38154,7,0
1,0,0,11,0.73546,25,2
1,0,0,11,0.42026,25,2
1,0,0,11,1.7,2,2
1,0,0,11,1.5,2,2
1,0,0,15,1.8,2,2
1,0,0,15,1.6,2,2
1,1,0,2,1.08,2,0
1,0,0,83,2.0,2,2
1,0,0,83,1.5,2,2
1,3,0,27,1.25976,3,0
1,0,0,11,1.887,2,2
1,0,0,11,1.60395,2,2
1,0,0,4,1.15934,2,2
1,0,0,4,0.81666,2,2
1,0,0,11,3.0,2,2
1,0,0,11,2.25,2,2
1,0,0,2,1.9844,2,2
1,0,0,2,1.44,2,2
1,0,0,3,1.91475,2,2
1,0,0,3,1.41525,2,2
1,0,0,4,0.50432,1,2
1,0,0,4,0.36773,1,2
1,1,0,2,0.75648,4,1
1,0,0,39,1.56868,2,0
1,0,0,49,2.0,6,1
1,0,0,2,1.9844,2,0
1,0,0,2,1.44,2,0
1,0,0,84,0.69344,25,0
1,1,0,67,0.05132,52,2
1,0,1,4,0.9,2,2
1,1,0,18,1.2608,4,1
1,1,0,18,0.84053,4,1
1,0,0,11,2.0,2,2
1,0,0,11,1.8,2,2
1,1,0,7,1.08,2,2
1,1,0,7,0.85,2,2
1,0,0,9,2.1,2,2
1,0,0,9,1.8,2,2
1,0,0,11,1.65,2,2
1,0,0,11,1.32,2,2
1,0,0,7,1.3,2,2
1,0,0,7,1.1,2,2
1,1,0,53,0.4505,20,0
3,2,0,4,0.42028,20,0
1,1,0,72,1.35,2,0
1,0,0,11,1.788,2,0
1,0,0,11,1.321,2,0
1,2,0,4,0.2,2,2
1,0,0,9,1.4,3,2
1,0,0,9,1.1,3,2
1,0,0,11,1.6,2,2
1,0,0,11,0.85,2,2
1,0,0,85,2.5,2,2
1,0,0,85,0.63,2,2
1,3,0,11,1.872,2,2
1,3,0,11,1.161,2,2
1,1,0,2,0.1,53,2
1,0,0,11,2.0,2,2
1,0,0,11,1.45,2,2
1,0,0,11,2.29998,2,0
1,0,0,11,1.54545,2,0
1,0,0,2,2.15,2,0
1,0,0,2,1.59,2,0
1,0,0,11,2.29998,2,0
1,0,0,11,1.54545,2,0
1,2,0,36,0.5,2,2
1,0,0,76,1.83,2,0
1,0,0,4,0.9975,2,2
1,0,0,4,0.684,2,2
1,0,0,2,2.369,2,0
1,0,0,2,1.592,2,0
1,0,0,26,2.43225,2,2
1,0,0,26,1.79775,2,2
1,0,0,11,1.75,2,2
1,0,0,11,1.5,2,2
1,0,0,9,2.1,2,2
1,0,0,9,1.8,2,2
1,0,0,2,1.48,2,2
1,0,0,2,1.28,2,2
1,0,0,15,1.9,2,2
1,0,0,15,1.35,2,2
1,0,0,7,1.3,2,2
1,0,0,7,1.1,2,2
1,0,0,2,1.91475,2,2
1,0,0,2,1.41525,2,2
1,0,0,11,1.6,2,2
1,0,0,11,0.85,2,2
1,0,0,2,2.18,2,2
1,0,0,2,1.453,2,2
1,0,0,1,1.954,2,0
1,0,0,1,1.313,2,0
1,2,0,30,1.05,2,0
1,0,0,2,1.91475,2,2
1,0,0,2,1.41525,2,2
1,0,0,2,2.07,2,2
1,0,0,2,1.53,2,2
1,0,0,2,1.91475,2,2
1,0,0,2,1.41525,2,2
1,0,0,4,1.1,2,2
1,0,0,4,0.99,2,2
1,0,0,2,1.91475,2,2
1,0,0,2,1.41525,2,2
1,0,0,2,1.91475,2,2
1,0,0,2,1.41525,2,2
1,0,0,2,1.91475,2,2
1,0,0,2,1.41525,2,2
1,0,0,9,2.0,54,2
1,0,0,9,1.35,54,2
1,0,0,2,2.07,2,2
1,0,0,2,1.53,2,2
1,0,0,2,1.91475,2,2
1,0,0,2,1.41525,2,2
1,0,0,2,1.91475,2,2
1,0,0,2,1.41525,2,2
1,0,0,2,1.91475,2,2
1,0,0,2,1.41525,2,2
1,0,0,11,1.957,2,2
1,0,0,11,1.305,2,2
1,0,0,1,1.3,2,2
1,0,0,1,0.84,2,2
1,1,0,45,1.0,2,2
1,1,0,45,0.6,2,2
1,1,0,11,0.80036,5,2
1,1,0,11,0.67723,5,2
1,0,0,11,1.413,2,2
1,0,0,11,1.021,2,2
1,0,0,4,0.50432,1,2
1,0,0,4,0.36773,1,2
1,1,0,20,1.5,2,0
1,1,0,2,1.022,5,2
1,2,0,2,0.22892,7,2
1,0,0,4,1.44,2,2
1,0,0,4,1.13,2,2
1,2,0,36,0.3152,1,2
1,0,0,15,1.954,2,0
1,0,0,15,1.313,2,0
1,0,0,9,1.954,2,0
1,0,0,9,1.313,2,0
1,0,0,15,1.954,2,0
1,0,0,15,1.313,2,0
1,0,0,15,1.9,2,2
1,0,0,15,1.35,2,2
1,0,0,11,1.35,2,2
1,0,0,11,0.8,2,2
1,2,0,53,0.0805,7,2
1,0,0,11,1.6,2,2
1,0,0,11,0.85,2,2
1,0,0,11,1.788,2,0
1,0,0,11,1.321,2,0
1,1,1,67,0.6,2,1
1,0,0,9,0.6304,13,1
1,2,0,20,0.5,45,0
1,0,0,11,1.4,2,2
1,0,0,11,1.05,2,2
1,1,0,11,0.80036,5,2
1,1,0,11,0.67723,5,2
1,0,0,7,1.9,2,2
1,0,0,7,1.4,2,2
1,1,0,45,1.0,2,2
1,1,0,45,0.6,2,2
1,0,0,2,1.8,2,0
1,0,0,2,1.65,2,0
1,0,0,38,1.08,2,0
3,2,0,66,0.2,12,2
1,0,0,15,1.9,2,2
1,0,0,15,1.35,2,2
1,0,0,2,1.794,2,2
1,0,0,2,1.54,2,2
1,0,0,34,1.939,2,2
1,0,0,34,1.293,2,2
1,3,0,26,2.2264,2,2
1,3,0,26,1.8216,2,2
1,1,0,11,1.5,2,2
1,1,0,11,1.0,2,2
1,0,0,7,1.225,2,2
1,0,0,7,1.0,2,2
1,3,0,11,2.975,2,2
1,3,0,11,2.6,2,2
3,2,0,69,0.15,27,0
1,0,0,11,1.93,2,2
1,2,0,2,0.93,2,2
1,2,0,2,0.73,2,2
1,1,0,45,1.0,2,2
1,1,0,45,0.6,2,2
1,2,0,4,0.07799,24,0
1,0,0,2,1.36994,2,2
1,0,0,2,1.0157,2,2
1,0,0,85,2.5,2,2
1,0,0,85,0.63,2,2
1,1,0,27,1.34,2,2
1,1,0,27,0.98,2,2
1,0,0,2,1.91475,2,2
1,0,0,2,1.41525,2,2
1,0,0,33,0.57786,12,0
1,1,0,4,1.36,2,2
1,1,0,4,1.12,2,2
1,0,0,2,1.72,2,2
1,0,0,2,1.4,2,2
1,0,0,11,2.15,2,2
1,0,0,11,1.64,2,2
1,0,0,11,3.0,2,2
1,0,0,11,1.3,2,2
1,0,0,11,2.5,2,2
1,0,0,11,0.63,2,2
1,0,0,11,1.8,2,2
1,0,0,11,1.5,2,2
3,2,0,11,0.4539,5,0
1,0,0,11,2.5,2,2
1,0,0,11,0.63,2,2
1,0,0,2,1.91475,2,2
1,0,0,2,1.41525,2,2
1,1,0,4,0.975,2,0
1,0,0,3,2.128,2,2
1,0,0,3,1.428,2,2
1,1,0,2,0.73546,9,0
1,2,0,2,0.5,4,2
1,2,0,4,0.06359,7,0
1,0,0,2,1.518,2,2
1,0,0,2,1.3024,2,2
1,0,0,7,1.65,2,2
1,0,0,7,1.4025,2,2
1,0,0,11,1.35,2,2
1,0,0,11,1.15,2,2
1,0,0,2,1.794,2,2
1,0,0,2,1.54,2,2
1,0,0,2,1.91475,2,2
1,0,0,2,1.41525,2,2
1,0,0,2,1.91475,2,2
1,0,0,2,1.41525,2,2
1,0,0,2,1.91475,2,2
1,0,0,2,1.41525,2,2
1,1,0,41,0.75,2,2
1,1,0,11,0.84053,34,2
1,1,0,11,0.73546,34,2
1,1,0,11,0.98506,5,2
1,1,0,11,0.86193,5,2
1,1,0,11,0.84053,1,2
1,1,0,11,0.73546,1,2
1,0,0,2,1.91475,2,2
1,0,0,2,1.41525,2,2
1,0,0,2,1.91475,2,2
1,0,0,2,1.41525,2,2
1,0,0,7,1.02663,5,2
1,0,0,7,0.80041,5,2
1,0,0,2,1.91475,2,2
1,0,0,2,1.41525,2,2
1,0,0,11,1.04611,5,2
1,0,0,11,0.8228,5,2
1,0,0,2,1.91475,2,2
1,0,0,2,1.41525,2,2
1,0,0,2,1.91475,2,2
1,0,0,2,1.41525,2,2
1,0,0,4,1.15,2,0
1,2,0,2,0.3152,1,2
1,0,0,78,0.81,2,2
1,0,0,78,0.66,2,2
1,2,0,4,0.46,2,0
1,2,0,11,0.8,2,0
1,3,0,34,2.0,2,1
1,3,0,34,1.8,2,1
1,3,0,36,2.0,2,1
1,0,0,2,2.041,2,2
1,0,0,2,1.361,2,2
1,0,0,7,2.5,2,2
1,0,0,7,0.63,2,2
1,1,0,2,1.18208,5,2
1,1,0,2,1.1082,5,2
3,2,3,60,0.19073,55,0
1,0,0,2,1.91475,2,2
1,0,0,2,1.41525,2,2
1,0,0,2,1.91475,2,2
1,0,0,2,1.41525,2,2
1,0,0,2,1.91475,2,2
1,0,0,2,1.41525,2,2
1,0,0,30,0.95,2,2
1,0,0,30,0.7,2,2
1,1,0,38,0.75,2,2
1,1,1,7,0.075,56,2
1,1,0,4,1.13,2,0
1,0,0,2,1.7,2,2
1,0,0,2,1.3,2,2
1,1,0,73,1.13,2,0
1,1,0,59,1.4,2,2
3,0,0,4,0.5,57,1
1,1,0,53,0.53368,20,2
1,0,0,2,1.75,2,2
1,0,0,2,1.4,2,2
1,0,0,39,0.29944,25,1
1,0,0,7,2.5,2,2
1,0,0,7,0.63,2,2
1,0,0,2,1.6,2,0
1,0,0,2,1.193,2,0
1,1,0,18,1.45,2,0
1,0,0,11,1.05,2,2
1,0,0,11,0.9,2,2
1,0,0,85,1.462,2,2
1,0,0,85,1.2427,2,2
1,1,0,2,2.25,2,2
1,1,0,2,1.6,2,2
1,1,0,2,0.54634,9,1
1,0,0,11,1.858,3,2
1,0,0,11,1.374,3,2
1,0,0,7,2.45,2,2
1,0,0,7,1.8,2,2
1,0,0,7,2.035,2,2
1,0,0,7,1.52,2,2
1,0,0,11,2.5,2,2
1,0,0,11,0.63,2,2
1,0,0,52,1.86,2,2
1,0,0,52,1.488,2,2
1,0,0,84,0.95386,7,0
1,1,0,9,1.28058,5,0
1,2,0,2,0.82,2,0
1,2,3,2,1.1,12,2
1,1,0,38,1.73,2,2
1,0,0,2,2.035,2,2
1,0,0,2,1.52,2,2
1,0,0,9,1.86,2,2
1,0,0,9,1.488,2,2
1,2,0,53,0.0627,24,0
1,1,0,26,1.58,2,2
1,1,0,26,1.34,2,2
1,0,0,2,1.7,2,2
1,0,0,2,1.2,2,2
1,3,0,7,2.0,2,2
1,3,0,7,1.5,2,2
1,0,0,4,2.162,2,2
1,0,0,4,1.441,2,2
1,1,0,2,1.15573,9,2
1,1,0,2,0.89306,9,2
1,0,0,85,2.5,2,2
1,0,0,85,0.63,2,2
1,0,0,11,1.35,2,2
1,0,0,11,0.85,2,2
1,0,0,9,1.35,2,2
1,0,0,9,0.85,2,2
1,0,0,26,2.06,2,2
1,0,0,26,1.751,2,2
1,0,0,9,1.8965,2,2
1,0,0,9,1.64996,2,2
1,0,0,15,1.4904,2,2
1,0,0,15,1.139,2,2
1,0,0,11,1.54,2,2
1,0,0,11,1.26,2,2
1,0,0,9,2.0,2,0
1,0,0,9,1.5,2,0
1,0,0,11,1.957,2,2
1,0,0,11,1.305,2,2
1,0,0,7,1.7,2,2
1,0,0,7,1.35,2,2
1,1,0,11,0.98506,5,2
1,1,0,11,0.7388,5,2
1,0,0,4,1.17,2,2
1,0,0,4,0.9945,2,2
1,0,0,11,2.0,54,2
1,0,0,11,1.35,54,2
1,0,0,9,1.939,2,2
1,0,0,9,1.293,2,2
1,2,0,9,0.5541,5,1
1,0,0,4,0.86193,5,2
1,0,0,4,0.61566,5,2
1,0,0,4,1.75,2,2
1,0,0,4,1.3,2,2
1,0,0,11,1.881,2,2
1,0,0,11,1.3986,2,2
1,0,0,9,2.487,2,2
1,0,0,9,1.671,2,2
1,1,0,4,0.05723,7,1
1,0,0,2,1.234,2,2
1,0,0,2,0.881,2,2
1,1,0,53,0.50432,4,1
1,0,0,2,2.45,2,2
1,0,0,2,2.05,2,2
1,0,0,11,1.413,2,2
1,0,0,11,1.021,2,2
1,0,0,15,1.413,2,2
1,0,0,15,1.021,2,2
1,2,0,4,0.5,43,0
1,2,0,2,0.84053,58,0
1,1,0,39,0.61566,5,1
1,0,0,15,2.5,2,2
1,0,0,15,0.63,2,2
1,0,0,26,1.895,2,0
1,0,0,26,1.401,2,0
1,0,0,11,1.776,2,0
1,0,0,11,1.313,2,0
1,1,0,11,0.24,2,2
1,1,0,11,0.24,2,2
1,0,0,11,2.5,2,2
1,0,0,11,0.63,2,2
1,0,0,9,2.029,2,0
1,0,0,9,1.313,2,0
1,0,0,11,1.45,2,2
1,0,0,11,1.15,2,2
1,2,0,9,1.15,2,0
1,1,0,9,1.939,2,2
1,1,0,9,1.293,2,2
1,0,0,2,1.8,2,0
1,0,0,2,1.4,2,0
1,1,0,4,2.162,2,2
1,1,0,4,1.441,2,2
1,0,0,34,2.16,2,2
1,0,0,34,1.44,2,2
1,2,0,4,1.5,2,0
3,2,0,66,0.12171,7,2
1,1,0,2,0.53416,59,0
1,2,0,21,0.5,50,2
3,0,0,86,2.5,2,0
1,3,0,18,0.84053,9,0
1,1,0,2,1.31752,5,2
1,0,0,7,0.48,2,1
1,3,0,26,2.605,2,2
1,3,0,26,1.751,2,2
1,0,0,11,2.1,2,2
1,0,0,11,1.0,2,2
1,2,0,4,0.55,2,1
1,1,0,4,1.3,2,2
1,0,0,38,0.77119,5,0
1,2,0,2,0.52008,58,1
1,1,2,38,0.30523,7,1
1,0,0,11,2.06699,2,2
1,0,0,11,0.991,2,2
1,1,0,7,2.0,2,2
1,1,0,7,0.54,2,2
1,0,0,11,2.5,2,2
1,0,0,11,0.63,2,2
1,0,0,15,2.5,2,2
1,0,0,15,0.63,2,2
1,0,0,11,2.5,2,2
1,0,0,11,0.63,2,2
1,2,0,7,1.3,2,0
1,0,0,11,1.0,2,0
1,0,0,11,0.8,2,0
1,0,0,2,1.6,2,0
1,0,0,2,1.0,2,0
1,0,0,30,2.213,2,0
1,0,0,30,1.487,2,0
1,2,0,9,0.3,5,0
1,2,0,4,0.28368,12,2
1,1,0,11,0.91118,5,2
1,1,0,11,0.61566,5,2
1,1,0,2,0.60938,4,1
1,0,0,26,2.4926,2,2
1,0,0,26,1.854,2,2
1,0,0,11,1.7,2,2
1,0,0,11,1.3,2,2
1,1,0,2,0.80036,5,2
1,0,0,4,1.28875,2,2
1,0,0,4,0.937,2,2
1,0,0,9,1.8,2,2
1,0,0,9,1.0,2,2
1,0,0,4,1.3626,2,2
1,0,0,4,1.0928,2,2
1,0,0,2,1.6,2,0
1,0,0,2,0.92,2,0
1,0,0,11,2.0,2,2
1,0,0,11,1.6,2,2
1,1,0,11,1.35446,5,2
1,1,0,11,1.04663,5,2
1,0,0,4,1.17,2,2
1,0,0,4,0.9945,2,2
1,2,0,11,1.29,2,0
1,2,0,11,0.86,2,0
2,2,0,11,0.13493,7,0
2,2,0,11,0.13493,7,0
1,0,0,2,1.6,2,0
1,0,0,2,1.193,2,0
1,0,0,20,1.0,2,0
1,1,0,2,0.25,53,2
1,1,0,4,0.65257,19,2
1,1,0,36,2.0,2,2
1,2,0,69,1.8,2,0
1,1,0,2,1.53,2,0
1,0,0,11,2.1,2,2
1,0,0,11,1.0,2,2
1,0,0,4,1.50075,2,2
1,0,0,4,1.10925,2,2
1,1,0,34,0.228,60,2
1,0,0,2,1.6,2,0
1,0,0,2,0.92,2,0
1,0,0,9,2.029,2,0
1,0,0,9,1.313,2,0
2,2,0,4,0.22809,25,2
1,2,0,4,0.15,59,0
1,0,0,11,1.75,2,2
1,0,0,11,1.35,2,2
1,0,0,26,1.33766,20,0
1,2,0,9,0.83,2,0
1,1,0,11,0.9235,5,2
1,1,0,11,0.67723,5,2
1,0,0,2,1.86,2,2
1,0,0,2,1.488,2,2
1,0,0,4,1.129,2,2
1,0,0,4,0.9032,2,2
1,0,0,1,2.4,2,2
1,0,0,1,1.6,2,2
1,0,0,26,3.0,2,2
1,0,0,26,2.0,2,2
1,1,0,11,0.65666,4,1
1,1,0,36,2.0,2,0
1,1,0,9,1.16976,5,2
1,1,0,9,0.9235,5,2
1,1,0,36,1.2,2,2
1,0,0,4,1.129,2,2
1,0,0,4,0.9032,2,2
1,0,0,19,1.45,2,2
1,0,0,19,1.054,2,2
2,2,0,2,0.49268,4,1
1,1,0,11,1.1082,5,2
1,1,0,11,0.9235,5,2
1,0,0,2,2.153,2,0
1,0,0,2,1.582,2,0
1,0,0,11,2.091,2,0
1,0,0,11,1.546,2,0
1,0,0,4,1.15934,2,2
1,0,0,4,0.81666,2,2
1,0,0,11,1.75,2,2
1,0,0,11,1.55,2,2
1,1,0,9,0.84053,4,2
1,0,0,4,1.64,2,2
1,0,0,4,1.32,2,2
1,0,0,2,1.7,2,2
1,0,0,2,1.23,2,2
1,0,0,9,1.8965,2,2
1,0,0,9,1.64996,2,2
1,1,0,85,0.52533,34,2
1,1,0,85,0.52533,34,2
1,3,0,87,1.15222,3,1
1,0,0,11,1.654,2,2
1,0,0,11,1.3232,2,2
1,0,0,15,2.08775,2,2
1,0,0,15,1.478,2,2
1,0,0,11,1.36994,2,2
1,0,0,11,1.0157,2,2
1,0,0,4,1.28875,2,2
1,0,0,4,0.937,2,2
1,3,0,88,0.76309,7,0
1,2,0,9,0.35093,5,0
1,0,0,11,1.836,2,0
1,0,0,11,1.008,2,0
1,1,0,4,0.49253,5,2
1,1,0,4,0.3694,5,2
1,1,0,4,0.42026,1,2
1,1,0,4,0.3152,1,2
1,1,0,11,0.84053,1,2
1,1,0,11,0.73546,1,2
1,1,0,11,0.98506,5,2
1,1,0,11,0.86193,5,2
1,1,0,11,0.84053,34,2
1,1,0,11,0.73546,34,2
1,0,0,9,1.8965,2,2
1,0,0,9,1.64996,2,2
1,1,0,4,0.42026,34,2
1,1,0,4,0.3152,34,2
1,1,0,11,0.9235,5,2
1,1,0,11,0.7388,5,2
1,0,0,2,2.153,2,0
1,0,0,2,1.404,2,0
1,1,0,11,0.6304,1,2
1,1,0,11,0.4728,1,2
1,0,0,2,2.6,2,2
1,0,0,2,1.8,2,2
1,1,0,2,0.67723,5,2
1,1,0,2,0.43096,5,2
1,1,0,11,0.6304,34,2
1,1,0,11,0.4728,34,2
1,1,0,11,0.7388,5,2
1,1,0,11,0.5541,5,2
3,1,0,9,0.51064,39,0
1,0,0,65,0.6,23,0
1,1,0,11,0.829,2,2
1,1,0,11,0.639,2,2
1,1,0,34,1.6,2,0
1,1,0,34,1.123,2,0
1,1,0,26,2.41,2,2
1,1,0,26,1.59,2,2
1,0,0,2,1.8,2,2
1,0,0,2,0.8,2,2
1,1,0,4,0.58,2,1
1,1,0,4,0.58,2,1
1,0,0,11,1.36,2,2
1,0,0,11,1.088,2,2
1,3,0,11,2.42,2,2
1,3,0,11,2.0,2,2
1,1,0,2,0.61566,5,2
1,1,0,2,0.3694,5,2
1,1,0,11,0.7388,5,2
1,1,0,11,0.49253,5,2
1,0,0,2,1.6522,2,2
1,0,0,2,1.2016,2,2
1,0,0,4,1.2419,2,2
1,0,0,4,0.9032,2,2
1,0,0,11,1.8194,2,2
1,0,0,11,1.3232,2,2
1,0,0,11,2.2011,2,2
1,0,0,11,1.6008,2,2
1,0,0,2,1.8,2,0
1,0,0,2,1.2,2,0
1,1,0,4,1.265,2,2
1,1,0,4,1.0626,2,2
1,0,0,4,1.16,2,2
1,0,0,4,0.99,2,2
1,0,0,4,1.55,2,2
1,0,0,4,1.206,2,2
1,1,0,2,1.3,2,2
1,1,0,2,0.9,2,2
1,1,0,11,1.7,2,2
1,1,0,11,1.5,2,2
1,0,0,4,1.021,2,2
1,0,0,4,0.849,2,2
1,0,0,2,1.3662,2,2
1,0,0,2,0.9936,2,2
1,0,0,2,1.1082,5,2
1,0,0,2,0.98506,5,2
1,0,0,2,1.46,2,2
1,0,0,2,1.23,2,2
1,2,0,11,0.49253,5,2
1,2,0,11,0.43096,5,2
1,3,0,4,1.3,2,2
1,3,0,4,1.1,2,2
1,0,0,4,1.7,2,2
1,0,0,4,1.35,2,2
1,0,0,26,1.61342,2,2
1,0,0,26,1.37141,2,2
1,0,0,2,1.67,2,2
1,0,0,2,1.23,2,2
1,0,0,11,0.7388,5,2
1,0,0,11,0.61566,5,2
1,0,0,2,2.115,2,2
1,0,0,2,1.386,2,2
1,0,0,15,1.924,3,2
1,0,0,15,0.907,3,2
1,0,0,4,1.3,3,2
1,0,0,4,0.613,3,2
1,0,0,4,1.3,3,2
1,0,0,4,0.613,3,2
1,0,0,11,1.6,2,0
1,0,0,11,1.13,2,0
1,0,0,2,1.5,2,2
1,0,0,2,0.9555,2,2
1,1,0,4,1.67,2,2
1,1,0,4,1.155,2,2
1,0,0,4,1.129,2,2
1,0,0,4,0.9032,2,2
1,0,0,4,1.129,2,2
1,0,0,4,0.9032,2,2
1,0,0,11,1.654,2,2
1,0,0,11,1.3232,2,2
1,0,0,11,2.439,2,2
1,0,0,11,1.566,2,2
1,0,0,4,1.366,2,2
1,0,0,4,1.0928,2,2
1,0,0,11,1.28875,2,2
1,0,0,11,0.937,2,2
1,3,0,54,2.24,2,2
1,3,0,54,1.67875,2,2
1,3,0,7,1.75,2,2
1,3,0,7,1.35,2,2
1,0,0,11,2.091,2,0
1,0,0,11,1.546,2,0
1,0,0,11,1.8,2,2
1,0,0,11,1.6,2,2
1,0,0,2,2.053,2,0
1,0,0,2,1.404,2,0
1,0,0,2,1.76,2,2
1,0,0,2,1.44,2,2
1,0,0,11,2.001,2,2
1,0,0,11,1.6,2,2
1,0,0,11,0.705,2,2
1,0,0,11,0.54,2,2
1,0,0,2,2.053,2,2
1,0,0,2,1.404,2,2
1,0,0,7,2.053,2,2
1,0,0,7,1.847,2,2
1,0,0,11,1.751,2,2
1,0,0,11,1.4025,2,2
1,0,0,4,1.1615,2,2
1,0,0,4,0.9905,2,2
1,0,0,11,1.45,2,2
1,0,0,11,1.3,2,2
1,0,0,4,1.129,2,2
1,0,0,4,0.9032,2,2
1,1,0,4,0.85,3,2
1,1,0,4,0.75,3,2
1,0,0,9,2.14,2,2
1,0,0,9,1.926,2,2
1,0,0,15,2.664,2,2
1,0,0,15,2.1312,2,2
1,0,0,11,1.55,2,2
1,0,0,11,1.15,2,2
1,1,0,2,1.413,2,2
1,1,0,2,1.021,2,2
1,0,0,4,1.15934,2,2
1,0,0,4,0.81666,2,2
1,1,0,11,2.06699,2,2
1,1,0,11,0.991,2,2
1,0,0,11,1.3,2,2
1,0,0,11,1.105,2,2
1,1,0,4,0.61566,5,2
1,1,0,4,0.43096,5,2
1,0,0,4,0.8,2,2
1,0,0,4,0.6,2,2
1,0,0,15,1.92564,2,2
1,0,0,15,1.44854,2,2
1,0,0,2,2.3,2,2
1,0,0,2,1.5,2,2
1,0,0,19,1.5026,2,2
1,0,0,19,1.0928,2,2
1,0,0,4,1.7,2,2
1,0,0,4,1.5,2,2
1,1,0,2,1.6,2,2
1,1,0,2,1.3,2,2
1,2,0,4,0.67,3,2
1,2,0,4,0.52,3,2
1,0,0,11,1.54,2,2
1,0,0,11,1.26,2,2
1,0,0,4,1.29,2,2
1,0,0,4,0.99,2,2
1,0,0,2,2.1,2,2
1,0,0,2,1.4,2,2
1,0,0,2,2.1,2,2
1,0,0,2,1.4,2,2
1,0,0,2,2.1,2,2
1,0,0,2,1.4,2,2
1,0,0,4,1.0,2,2
1,0,0,4,0.69,2,2
1,0,0,2,2.1,2,2
1,0,0,2,1.4,2,2
1,0,0,4,1.50075,2,2
1,0,0,4,1.10925,2,2
1,0,0,11,1.0,2,2
1,0,0,11,0.25,2,2
1,0,0,4,1.265,2,2
1,0,0,4,1.0626,2,2
1,0,0,11,2.2011,2,2
1,0,0,11,1.6008,2,2
1,0,0,4,1.05,2,2
1,0,0,4,1.0,2,2
1,0,0,4,1.7,2,2
1,0,0,4,1.35,2,2
1,0,0,2,2.3,2,2
1,0,0,2,1.4,2,2
1,1,0,4,1.35,2,2
1,1,0,4,0.5,2,2
1,0,0,2,2.2,2,2
1,0,0,2,1.4,2,2
1,1,0,2,1.72386,5,2
1,1,0,2,0.86193,5,2
1,0,0,9,2.2,2,2
1,0,0,9,1.2,2,2
1,1,0,2,2.0,2,2
1,1,0,2,1.2,2,2
1,0,0,9,1.2,61,1
1,0,0,9,0.65,61,1
1,3,0,11,3.24,2,2
1,3,0,11,2.16,2,2
1,0,0,11,2.1,2,2
1,0,0,11,1.0,2,2
1,0,0,2,1.851,2,2
1,0,0,2,1.0489,2,2
1,0,0,11,1.05,2,2
1,0,0,11,0.8,2,2
1,1,0,69,0.76814,3,2
2,0,0,83,1.17104,3,0
1,3,0,33,1.92037,3,0
1,1,0,9,1.2,2,1
1,1,0,20,0.17805,7,2
1,1,0,2,0.30523,7,0
1,1,0,52,0.55685,25,0
1,1,3,11,0.52533,4,0
1,2,0,2,0.17805,7,2
1,1,0,38,0.75,2,0
1,1,0,21,1.57,2,0
1,1,0,20,0.69133,3,0
1,2,0,11,0.65,2,1
1,0,0,9,0.68293,15,1
3,1,0,2,1.09,2,0
1,1,0,2,0.67597,3,2
1,2,0,12,0.1,62,2
1,1,0,4,0.2,34,1
3,0,0,25,1.02839,22,0
1,0,0,25,2.0,2,2
1,2,0,2,0.51081,3,0
1,1,0,2,0.78,2,2
1,0,0,11,1.35,2,2
1,0,0,11,1.15,2,2
1,1,0,9,0.83864,20,0
1,2,0,2,0.4,63,0
1,1,0,25,0.3152,30,1
1,0,0,9,0.59888,9,0
2,2,0,11,0.54742,4,0
1,0,0,18,0.89306,12,0
1,2,0,2,0.83171,20,2
1,0,0,2,1.65,2,2
1,1,0,34,1.53,2,2
1,0,0,2,1.0,2,2
1,0,0,69,0.76814,3,2
1,1,0,2,0.33609,41,0
1,1,0,89,0.75,3,1
2,1,0,59,0.2,64,1
1,2,1,38,0.30469,52,2
3,1,0,18,0.69999,52,0
1,2,0,11,0.55475,4,2
1,1,0,18,0.61989,50,0
1,0,0,26,1.525,2,2
1,2,0,18,1.2,2,0
1,1,0,2,1.35,2,0
1,0,0,63,4.05,2,0
3,0,0,11,1.5,2,0
3,0,0,26,2.4,2,0
3,1,0,4,1.35,2,0
3,2,0,2,0.8,2,2
1,0,0,21,3.8,2,0
1,1,0,2,1.20402,10,0
1,0,0,21,1.77,2,0
1,1,0,11,0.65141,12,2
1,1,0,2,0.48,2,1
1,2,0,72,0.2,38,2
3,0,0,0,2.2,2,0
3,1,0,1,0.77364,65,1
3,1,0,1,0.63711,65,1
1,2,0,60,1.5,20,1
3,1,0,4,0.9,2,2
1,1,2,2,1.0,2,2
3,2,0,2,1.0,2,1
1,2,3,2,1.0,66,2
1,0,0,18,1.44,2,0
1,0,0,0,1.55499,4,2
3,0,0,12,0.24,24,2
3,1,0,38,0.384,2,2
1,2,0,41,1.0,2,0
3,1,0,2,0.825,2,1
3,2,0,2,0.49646,12,2
3,0,0,39,0.4057,7,0
1,2,0,11,1.2,2,2
1,0,0,84,0.84053,4,2
3,2,0,9,0.2,7,1
1,2,0,12,1.25,2,2
3,1,0,2,0.09466,7,1
3,0,0,34,1.2,2,1
3,2,3,4,0.10354,1,2
3,2,0,21,1.10037,5,0
1,2,0,1,0.21013,25,0
3,2,0,4,0.5,2,2
3,0,0,90,2.0,2,2
3,1,0,29,0.6,37,2
3,1,0,11,2.0,2,0
3,2,0,69,1.0,67,1
3,1,0,11,1.0,2,0
3,0,0,9,0.82744,58,2
2,1,0,11,0.59303,4,1
3,1,0,18,0.62649,12,2
3,1,0,11,0.82528,5,0
3,1,0,15,1.7,2,0
3,1,0,15,1.5,2,0
3,2,0,53,0.55,2,1
3,3,0,33,2.5,2,0
3,2,0,11,0.8,2,0
2,2,0,29,0.7,2,0
3,3,0,33,1.30026,4,2
3,2,0,50,0.63831,4,0
2,0,0,2,0.68428,2,0
3,3,0,54,0.85,26,2
3,3,0,25,2.3,26,0
3,2,0,9,1.25,2,1
3,0,0,19,1.2,2,2
2,1,0,18,4.5,2,2
2,1,0,4,0.46759,12,0
2,1,0,11,0.7413,50,0
3,0,0,65,1.27221,3,0
3,0,0,26,1.44,2,0
3,2,0,2,0.134,14,0
3,1,0,2,0.75774,3,0
3,1,0,2,1.5,2,2
2,1,0,50,1.03,2,0
3,0,0,11,1.53,2,0
3,1,0,11,0.9,2,0
3,2,0,4,0.9,2,1
3,2,0,4,0.6,2,1
3,1,0,2,0.5,6,0
3,2,3,36,0.12,2,2
3,1,3,70,0.05409,7,2
3,1,1,1,2.7,2,0
3,1,0,21,0.54238,3,0
3,1,0,9,0.47282,1,1
3,3,0,33,1.53667,41,0
3,1,0,11,0.28476,41,0
3,1,0,72,1.1,2,0
3,2,0,18,0.82528,5,0
2,2,0,9,2.5,2,0
3,2,0,4,0.59102,12,2
3,0,0,4,0.8,2,1
2,2,0,4,0.1,6,1
2,2,0,9,1.38,2,1
3,1,0,11,1.4,2,0
3,0,0,72,0.79197,4,0
3,0,0,31,1.7,2,0
3,2,0,4,0.8,2,2
2,1,0,2,0.4576,2,1
3,1,0,53,1.0,2,2
3,0,0,2,0.53192,12,0
3,3,0,25,2.35,2,0
3,3,0,53,1.5,2,0
2,3,0,11,0.79833,1,0
3,2,0,34,2.25,2,0
3,2,0,50,0.76833,4,1
2,1,0,52,0.5018,25,2
3,0,0,79,0.88654,55,0
3,0,0,87,1.0316,5,1
3,0,0,11,1.13476,5,2
3,0,0,9,0.94564,4,0
3,2,0,11,0.30428,7,0
3,0,0,11,1.5,2,2
3,0,0,11,1.15,2,1
3,1,0,18,1.87442,3,0
3,1,0,4,0.51519,5,0
2,1,0,11,1.06,2,0
2,1,0,11,1.12872,5,0
3,1,0,53,0.36259,2,0
3,0,0,11,1.5,2,0
2,2,3,1,0.15966,4,1
3,1,0,60,0.95746,2,1
3,2,0,60,0.7,2,2
2,1,0,2,0.76958,5,1
3,1,0,77,0.89294,19,0
3,2,0,2,0.29751,7,0
3,0,0,87,2.76,2,0
2,0,0,11,1.88,2,0
3,0,0,77,1.6,2,1
2,1,0,2,1.05,2,0
3,1,0,11,2.0,2,0
3,0,0,11,1.74,2,0
3,1,0,4,0.93,2,0
3,2,0,2,0.28399,7,2
3,0,0,18,0.60757,25,0
3,2,0,2,0.9,2,1
2,1,0,11,0.70139,12,0
2,2,0,4,0.06072,7,1
2,0,0,11,0.33511,23,1
3,0,0,89,1.7,2,2
3,0,0,11,0.96282,5,0
3,1,0,11,0.12103,53,2
3,2,0,2,0.36643,12,0
3,1,0,11,0.72212,5,0
2,2,0,4,0.91,2,0
3,0,0,58,0.99703,3,2
3,0,0,2,1.65,2,0
3,1,0,4,0.8,2,0
3,0,0,2,1.03691,3,0
3,2,0,11,0.21637,7,2
2,2,0,18,0.42,9,0
2,1,0,39,1.15,61,0
3,1,0,18,0.6381,3,2
2,0,0,34,2.6,65,1
3,1,0,54,1.1,2,1
3,1,0,15,1.8,2,0
3,0,0,4,2.0,2,0
2,0,0,29,1.09024,5,2
3,0,0,11,2.0,2,0
3,0,0,1,2.56,2,1
3,1,0,11,1.1,2,0
2,1,0,2,0.79833,4,0
3,2,0,11,0.725,2,0
3,0,0,9,1.85,2,0
3,1,3,11,0.69741,9,0
3,2,0,18,1.0,68,0
3,1,0,11,1.12,2,0
2,0,0,9,1.5,2,0
3,0,0,2,0.20171,53,0
3,0,0,36,0.55,1,0
3,2,0,2,0.58,2,0
3,2,0,2,1.0,2,2
3,0,0,2,0.77684,12,2
3,2,0,9,0.85,4,1
3,2,0,50,0.76833,4,0
3,0,1,91,1.05,2,2
2,2,0,4,0.72,2,0
3,2,0,11,0.65013,4,2
3,1,0,11,0.28016,53,2
3,1,0,11,1.11775,2,2
3,1,0,11,0.9315,2,2
3,0,0,87,1.6,2,1
3,1,0,2,0.25532,4,1
3,0,0,9,0.66265,7,0
3,1,0,2,0.16904,7,1
3,0,0,4,0.63831,4,0
2,0,0,39,1.9,2,1
3,3,0,33,1.41846,4,0
3,2,0,29,0.16228,7,0
3,0,0,4,0.71786,3,2
2,1,0,2,0.35735,49,0
3,0,0,2,1.35,2,0
3,2,0,9,0.24823,4,2
3,0,0,26,0.54094,2,0
3,0,0,9,0.24342,7,0
3,2,0,53,0.09272,33,1
3,1,0,2,1.47,2,0
3,0,0,18,0.96113,3,0
3,0,0,26,1.74,2,0
2,1,0,20,1.35,2,0
3,2,0,9,0.21844,18,2
2,0,0,87,1.25,69,1
2,2,0,2,0.51321,12,1
2,1,0,2,0.40481,7,0
3,3,0,50,0.69741,1,1
3,0,0,72,0.5,5,2
2,2,0,2,0.39916,12,2
2,1,0,31,0.87,2,0
3,1,0,11,0.26005,2,0
3,1,0,2,0.90734,4,0
3,1,0,29,0.22611,7,0
3,1,0,2,0.05679,2,1
3,2,0,9,0.81,2,1
3,1,0,2,0.40038,70,0
3,2,0,50,0.9,2,1
3,1,0,2,0.61467,50,2
3,0,0,52,1.95,2,2
3,1,0,2,0.37825,1,0
2,1,0,4,0.85,2,0
3,3,1,0,4.16,2,1
3,0,0,34,2.25,3,0
3,1,0,2,0.56256,5,0
3,1,0,2,0.33808,7,2
3,1,0,2,1.16914,5,0
3,1,0,9,0.46597,41,0
2,1,0,4,0.08,38,0
2,2,0,11,0.41689,65,1
2,0,0,29,1.14047,5,1
3,1,0,9,0.88654,58,2
2,2,0,50,0.05707,7,2
2,1,0,87,0.56,2,2
3,2,3,12,0.28609,55,1
3,1,0,2,0.88654,4,0
2,1,0,59,0.06072,7,0
2,0,0,11,0.47899,34,0
2,1,0,53,0.98,2,2
3,1,0,11,0.66022,5,1
3,1,0,18,0.56738,12,1
3,1,0,9,0.24823,22,0
3,0,0,19,1.2,2,0
3,1,2,11,0.2,2,0
2,3,0,33,3.25,2,0
3,0,0,9,2.0,2,0
2,2,0,36,0.45896,55,1
3,1,0,2,1.6,2,0
3,0,0,18,0.5,2,1
3,1,0,65,0.40189,34,2
3,1,0,2,0.12901,24,1
3,0,0,11,1.65,2,2
3,2,0,29,0.05882,10,0
2,1,0,2,0.42197,12,1
3,0,0,90,1.85,2,0
2,2,0,2,0.62726,4,1
3,1,0,2,0.90734,4,0
2,2,3,2,0.21669,39,1
2,1,0,11,1.1,2,0
3,0,0,19,1.4,2,0
2,0,0,2,1.2,2,0
3,0,0,2,0.87738,3,1
3,0,0,92,0.61896,5,0
3,1,2,34,0.12,38,2
3,0,0,11,0.76833,5,1
3,1,0,9,0.74,65,1
3,0,0,26,1.52,12,0
3,1,0,29,0.18,71,1
2,0,2,12,0.6,2,1
3,1,0,2,1.3,2,0
3,0,0,12,0.18907,24,2
3,2,0,20,0.59102,62,0
3,0,0,0,1.73762,4,2
2,0,0,0,1.48261,4,2
2,1,0,2,0.38776,1,2
3,1,0,2,0.46809,1,2
3,2,0,36,0.18053,45,1
2,0,0,2,0.91237,50,1
2,1,0,2,0.62726,62,1
3,1,0,2,1.15,2,0
3,0,0,0,2.35,2,0
3,1,0,31,0.19609,7,0
3,2,3,36,0.12,2,1
3,1,0,4,0.75,2,0
3,1,0,4,0.62,2,0
3,1,0,2,0.73,2,0
3,1,0,11,0.45391,9,0
2,0,0,26,1.902,2,2
2,1,0,2,1.18,2,2
2,1,0,2,1.3835,2,2
2,1,0,11,1.308,2,2
2,0,0,9,0.45618,28,1
3,0,0,33,1.68,65,1
3,1,0,2,1.19059,16,2
3,1,0,38,4.23,2,0
3,1,0,11,0.28369,72,0
3,0,0,30,1.65,2,0
2,0,0,2,4.12,2,0
3,1,0,0,1.51,2,0
2,2,0,2,1.05,2,1
2,2,1,20,1.0,2,0
3,0,0,26,0.94665,7,0
